game_id,Season,ConfAbbrev,DayNum,WTeamID,LTeamID
1,2002,ovc,120,3122,3369
2,2002,ovc,120,3184,3293
3,2002,ovc,120,3287,3404
4,2002,ovc,120,3399,3183
5,2002,horizon,121,3139,3460
6,2002,big_south,121,3149,3219
7,2002,big_south,121,3157,3189
8,2002,big_south,121,3251,3421
9,2002,big_south,121,3457,3347
10,2002,southern,122,3111,3172
11,2002,sec,122,3116,3279
12,2002,sec,122,3120,3196
13,2002,southern,122,3158,3190
14,2002,horizon,122,3178,3156
15,2002,sec,122,3208,3104
16,2002,horizon,122,3227,3454
17,2002,maac,122,3233,3351
18,2002,sec,122,3246,3280
19,2002,maac,122,3259,3310
20,2002,horizon,122,3260,3464
21,2002,big_ten,122,3276,3228
22,2002,sun_belt,122,3292,3418
23,2002,sun_belt,122,3308,3114
24,2002,sun_belt,122,3309,3117
25,2002,big_ten,122,3326,3277
26,2002,wcc,122,3337,3211
27,2002,wcc,122,3362,3258
28,2002,wcc,122,3365,3360
29,2002,wcc,122,3388,3339
30,2002,horizon,122,3453,3139
31,2002,big_ten,122,3458,3321
32,2002,sec,123,3116,3376
33,2002,patriot,123,3119,3250
34,2002,patriot,123,3137,3298
35,2002,cusa,123,3150,3272
36,2002,southern,123,3151,3111
37,2002,big_south,123,3157,3457
38,2002,patriot,123,3159,3110
39,2002,horizon,123,3178,3227
40,2002,acc,123,3181,3199
41,2002,a_ten,123,3182,3382
42,2002,maac,123,3193,3145
43,2002,a_ten,123,3200,3173
44,2002,southern,123,3202,3441
45,2002,patriot,123,3221,3248
46,2002,big_ten,123,3231,3234
47,2002,cusa,123,3257,3379
48,2002,sec,123,3261,3246
49,2002,maac,123,3264,3265
50,2002,acc,123,3268,3448
51,2002,a_ten,123,3269,3247
52,2002,pac_ten,123,3332,3450
53,2002,big_ten,123,3336,3326
54,2002,wcc,123,3337,3362
55,2002,big_ten,123,3345,3276
56,2002,wcc,123,3365,3388
57,2002,maac,123,3373,3233
58,2002,cusa,123,3387,3266
59,2002,maac,123,3389,3259
60,2002,sec,123,3397,3208
61,2002,cusa,123,3408,3412
62,2002,pac_ten,123,3417,3143
63,2002,southern,123,3422,3158
64,2002,sec,123,3435,3120
65,2002,horizon,123,3453,3260
66,2002,big_ten,123,3458,3278
67,2002,southern,123,3459,3204
68,2002,a_ten,123,3462,3348
69,2002,pac_ten,124,3113,3112
70,2002,ovc,124,3122,3184
71,2002,southern,124,3151,3459
72,2002,cusa,124,3153,3257
73,2002,mac,124,3185,3267
74,2002,sun_belt,124,3198,3308
75,2002,cusa,124,3222,3150
76,2002,big_south,124,3251,3157
77,2002,nec,124,3254,3192
78,2002,sec,124,3261,3397
79,2002,a_ten,124,3269,3350
80,2002,big_east,124,3274,3207
81,2002,mac,124,3275,3103
82,2002,mac,124,3296,3138
83,2002,acc,124,3301,3155
84,2002,acc,124,3314,3268
85,2002,sun_belt,124,3317,3309
86,2002,mac,124,3325,3132
87,2002,pac_ten,124,3332,3449
88,2002,pac_ten,124,3333,3425
89,2002,big_east,124,3353,3439
90,2002,nec,124,3357,3346
91,2002,big_east,124,3371,3344
92,2002,maac,124,3373,3193
93,2002,nec,124,3384,3291
94,2002,a_ten,124,3386,3200
95,2002,maac,124,3389,3264
96,2002,pac_ten,124,3390,3417
97,2002,big_east,124,3393,3452
98,2002,cusa,124,3395,3387
99,2002,a_ten,124,3396,3182
100,2002,ovc,124,3399,3287
101,2002,cusa,124,3408,3177
102,2002,southern,124,3422,3202
103,2002,sec,124,3435,3116
104,2002,acc,124,3438,3210
105,2002,mac,124,3444,3141
106,2002,nec,124,3447,3284
107,2002,a_ten,124,3462,3203
108,2002,pac_ten,125,3113,3332
109,2002,ovc,125,3122,3399
110,2002,big_east,125,3130,3353
111,2002,patriot,125,3137,3119
112,2002,southern,125,3151,3422
113,2002,cusa,125,3153,3222
114,2002,big_east,125,3163,3371
115,2002,sun_belt,125,3176,3292
116,2002,acc,125,3181,3438
117,2002,patriot,125,3221,3159
118,2002,big_ten,125,3231,3345
119,2002,nec,125,3254,3357
120,2002,acc,125,3314,3301
121,2002,big_ten,125,3336,3458
122,2002,wcc,125,3337,3365
123,2002,nec,125,3384,3447
124,2002,a_ten,125,3386,3462
125,2002,maac,125,3389,3373
126,2002,pac_ten,125,3390,3333
127,2002,big_east,125,3393,3323
128,2002,a_ten,125,3396,3269
129,2002,cusa,125,3408,3395
130,2002,sec,125,3435,3261
131,2002,big_east,125,3437,3274
132,2002,sun_belt,125,3443,3375
133,2002,horizon,125,3453,3178
134,2002,pac_ten,126,3113,3390
135,2002,big_east,126,3130,3393
136,2002,cusa,126,3153,3408
137,2002,big_east,126,3163,3437
138,2002,acc,126,3181,3314
139,2002,sun_belt,126,3198,3176
140,2002,big_ten,126,3231,3336
141,2002,meac,126,3271,3288
142,2002,meac,126,3299,3126
143,2002,sun_belt,126,3317,3443
144,2002,a_ten,126,3396,3386
145,2002,swac,127,3106,3411
146,2002,wac,127,3129,3201
147,2002,big_east,127,3163,3130
148,2002,meac,127,3197,3175
149,2002,sun_belt,127,3198,3317
150,2002,swac,127,3212,3105
151,2002,big_twelve,127,3235,3304
152,2002,swac,127,3238,3108
153,2002,big_twelve,127,3329,3401
154,2002,southland,127,3368,3427
155,2002,wac,127,3374,3431
156,2002,swac,127,3380,3341
157,2002,big_twelve,127,3400,3242
158,2002,big_twelve,127,3403,3281
159,2002,southland,127,3426,3402
160,2002,mac,128,3123,3185
161,2002,big_twelve,128,3124,3403
162,2002,patriot,128,3137,3221
163,2002,mwc,128,3140,3461
164,2002,mwc,128,3161,3102
165,2002,caa,128,3180,3406
166,2002,wac,128,3218,3305
167,2002,meac,128,3224,3299
168,2002,big_twelve,128,3235,3160
169,2002,big_twelve,128,3243,3400
170,2002,mac,128,3245,3325
171,2002,big_west,128,3253,3142
172,2002,wac,128,3256,3129
173,2002,mac,128,3275,3444
174,2002,mac,128,3296,3405
175,2002,mwc,128,3307,3361
176,2002,big_twelve,128,3328,3329
177,2002,big_west,128,3334,3225
178,2002,wac,128,3349,3374
179,2002,meac,128,3354,3197
180,2002,big_west,128,3364,3168
181,2002,wac,128,3409,3363
182,2002,big_west,128,3415,3414
183,2002,mwc,128,3424,3428
184,2002,caa,128,3456,3220
185,2002,big_twelve,129,3124,3235
186,2002,mvc,129,3166,3232
187,2002,caa,129,3174,3180
188,2002,mvc,129,3179,3133
189,2002,big_sky,129,3186,3319
190,2002,mvc,129,3191,3320
191,2002,a_sun,129,3194,3144
192,2002,caa,129,3206,3241
193,2002,a_sun,129,3209,3407
194,2002,meac,129,3214,3164
195,2002,aec,129,3216,3263
196,2002,a_sun,129,3273,3125
197,2002,big_sky,129,3285,3340
198,2002,aec,129,3306,3127
199,2002,meac,129,3313,3271
200,2002,southland,129,3322,3426
201,2002,big_twelve,129,3328,3243
202,2002,caa,129,3330,3456
203,2002,southland,129,3372,3368
204,2002,a_sun,129,3391,3416
205,2002,aec,129,3392,3131
206,2002,caa,129,3423,3433
207,2002,aec,129,3436,3318
208,2002,mvc,129,3455,3283
209,2002,swac,130,3106,3212
210,2002,mac,130,3123,3296
211,2002,mwc,130,3140,3307
212,2002,mvc,130,3166,3191
213,2002,mvc,130,3179,3455
214,2002,a_sun,130,3194,3273
215,2002,a_sun,130,3209,3391
216,2002,meac,130,3214,3224
217,2002,aec,130,3216,3436
218,2002,wac,130,3218,3349
219,2002,mac,130,3245,3275
220,2002,wac,130,3256,3409
221,2002,big_sky,130,3286,3285
222,2002,meac,130,3313,3354
223,2002,caa,130,3330,3206
224,2002,big_west,130,3334,3415
225,2002,big_west,130,3364,3253
226,2002,swac,130,3380,3238
227,2002,aec,130,3392,3306
228,2002,caa,130,3423,3174
229,2002,mwc,130,3424,3161
230,2002,big_sky,130,3451,3186
231,2002,mwc,131,3140,3424
232,2002,mvc,131,3166,3179
233,2002,a_sun,131,3209,3194
234,2002,aec,131,3216,3392
235,2002,mac,131,3245,3123
236,2002,wac,131,3256,3218
237,2002,meac,131,3313,3214
238,2002,big_twelve,131,3328,3124
239,2002,caa,131,3330,3423
240,2002,big_west,131,3364,3334
241,2002,southland,131,3372,3322
242,2002,swac,131,3380,3106
243,2002,nec,131,3384,3254
244,2002,big_sky,131,3451,3286
245,2003,ovc,120,3122,3293
246,2003,ovc,120,3369,3183
247,2003,ovc,120,3399,3184
248,2003,ovc,120,3404,3287
249,2003,horizon,121,3139,3464
250,2003,big_south,121,3157,3149
251,2003,southern,121,3158,3190
252,2003,southern,121,3172,3459
253,2003,big_south,121,3189,3457
254,2003,big_south,121,3219,3347
255,2003,big_south,121,3251,3421
256,2003,sec,122,3116,3104
257,2003,sun_belt,122,3117,3176
258,2003,sec,122,3120,3246
259,2003,maac,122,3145,3233
260,2003,southern,122,3151,3158
261,2003,horizon,122,3156,3454
262,2003,southern,122,3172,3441
263,2003,horizon,122,3178,3227
264,2003,a_ten,122,3182,3200
265,2003,maac,122,3193,3351
266,2003,sun_belt,122,3198,3418
267,2003,southern,122,3202,3422
268,2003,southern,122,3204,3111
269,2003,big_ten,122,3231,3458
270,2003,big_ten,122,3234,3321
271,2003,a_ten,122,3247,3269
272,2003,cusa,122,3257,3387
273,2003,wcc,122,3258,3339
274,2003,horizon,122,3260,3460
275,2003,maac,122,3265,3259
276,2003,cusa,122,3266,3272
277,2003,big_ten,122,3276,3228
278,2003,sun_belt,122,3317,3114
279,2003,a_ten,122,3348,3173
280,2003,a_ten,122,3350,3382
281,2003,wcc,122,3360,3388
282,2003,sec,122,3376,3279
283,2003,cusa,122,3379,3222
284,2003,cusa,122,3395,3187
285,2003,sec,122,3435,3196
286,2003,horizon,122,3453,3139
287,2003,patriot,123,3110,3159
288,2003,patriot,123,3119,3250
289,2003,ovc,123,3122,3404
290,2003,patriot,123,3137,3298
291,2003,pac_ten,123,3143,3113
292,2003,maac,123,3145,3389
293,2003,cusa,123,3150,3266
294,2003,southern,123,3151,3202
295,2003,cusa,123,3153,3379
296,2003,acc,123,3155,3268
297,2003,cusa,123,3177,3257
298,2003,horizon,123,3178,3156
299,2003,acc,123,3181,3448
300,2003,a_ten,123,3203,3182
301,2003,southern,123,3204,3172
302,2003,patriot,123,3221,3248
303,2003,big_ten,123,3234,3278
304,2003,sec,123,3261,3116
305,2003,sec,123,3280,3376
306,2003,maac,123,3310,3193
307,2003,big_ten,123,3326,3277
308,2003,big_ten,123,3336,3231
309,2003,big_ten,123,3345,3276
310,2003,a_ten,123,3348,3386
311,2003,wcc,123,3360,3362
312,2003,wcc,123,3365,3258
313,2003,ovc,123,3369,3399
314,2003,maac,123,3373,3265
315,2003,cusa,123,3395,3408
316,2003,a_ten,123,3396,3350
317,2003,sec,123,3397,3120
318,2003,pac_ten,123,3425,3450
319,2003,sec,123,3435,3208
320,2003,horizon,123,3453,3260
321,2003,a_ten,123,3462,3247
322,2003,pac_ten,124,3112,3333
323,2003,sun_belt,124,3117,3308
324,2003,ovc,124,3122,3369
325,2003,mac,124,3138,3141
326,2003,southern,124,3151,3204
327,2003,cusa,124,3153,3177
328,2003,mac,124,3185,3132
329,2003,a_ten,124,3203,3396
330,2003,acc,124,3210,3199
331,2003,big_south,124,3219,3189
332,2003,mac,124,3245,3325
333,2003,big_south,124,3251,3157
334,2003,nec,124,3254,3357
335,2003,sec,124,3261,3435
336,2003,maac,124,3264,3145
337,2003,mac,124,3267,3296
338,2003,big_east,124,3274,3393
339,2003,nec,124,3284,3447
340,2003,acc,124,3314,3155
341,2003,big_east,124,3323,3338
342,2003,wcc,124,3337,3360
343,2003,a_ten,124,3348,3462
344,2003,wcc,124,3365,3211
345,2003,big_east,124,3371,3207
346,2003,maac,124,3373,3310
347,2003,nec,124,3384,3291
348,2003,pac_ten,124,3390,3143
349,2003,cusa,124,3395,3150
350,2003,sec,124,3397,3280
351,2003,pac_ten,124,3417,3332
352,2003,nec,124,3420,3346
353,2003,acc,124,3438,3301
354,2003,big_east,124,3439,3452
355,2003,sun_belt,124,3443,3317
356,2003,mac,124,3444,3103
357,2003,pac_ten,124,3449,3425
358,2003,pac_ten,125,3112,3449
359,2003,patriot,125,3119,3110
360,2003,big_east,125,3163,3371
361,2003,acc,125,3181,3210
362,2003,patriot,125,3221,3137
363,2003,big_south,125,3251,3219
364,2003,sec,125,3261,3397
365,2003,maac,125,3264,3373
366,2003,big_east,125,3274,3353
367,2003,sun_belt,125,3292,3309
368,2003,acc,125,3314,3438
369,2003,big_ten,125,3326,3336
370,2003,wcc,125,3337,3365
371,2003,big_ten,125,3345,3234
372,2003,sun_belt,125,3375,3198
373,2003,nec,125,3384,3254
374,2003,pac_ten,125,3390,3417
375,2003,cusa,125,3395,3153
376,2003,nec,125,3420,3284
377,2003,big_east,125,3437,3323
378,2003,big_east,125,3439,3130
379,2003,horizon,125,3453,3178
380,2003,big_east,126,3163,3439
381,2003,meac,126,3164,3299
382,2003,acc,126,3181,3314
383,2003,a_ten,126,3203,3348
384,2003,meac,126,3271,3288
385,2003,sun_belt,126,3292,3117
386,2003,big_ten,126,3345,3326
387,2003,pac_ten,126,3390,3112
388,2003,big_east,126,3437,3274
389,2003,sun_belt,126,3443,3375
390,2003,swac,127,3106,3290
391,2003,swac,127,3108,3380
392,2003,big_twelve,127,3124,3401
393,2003,wac,127,3129,3431
394,2003,swac,127,3212,3341
395,2003,swac,127,3238,3105
396,2003,big_twelve,127,3242,3235
397,2003,big_twelve,127,3328,3304
398,2003,big_twelve,127,3329,3281
399,2003,meac,127,3354,3313
400,2003,wac,127,3374,3305
401,2003,southland,127,3402,3426
402,2003,southland,127,3419,3322
403,2003,big_east,127,3437,3163
404,2003,sun_belt,127,3443,3292
405,2003,mac,128,3123,3138
406,2003,mwc,128,3140,3424
407,2003,big_twelve,128,3160,3328
408,2003,mwc,128,3161,3461
409,2003,meac,128,3175,3164
410,2003,caa,128,3180,3406
411,2003,wac,128,3201,3363
412,2003,meac,128,3214,3354
413,2003,wac,128,3218,3409
414,2003,caa,128,3220,3456
415,2003,patriot,128,3221,3119
416,2003,big_twelve,128,3243,3124
417,2003,big_west,128,3253,3142
418,2003,wac,128,3256,3129
419,2003,mac,128,3275,3185
420,2003,mwc,128,3307,3361
421,2003,big_west,128,3334,3415
422,2003,big_west,128,3364,3168
423,2003,wac,128,3374,3349
424,2003,big_twelve,128,3400,3242
425,2003,big_twelve,128,3403,3329
426,2003,mac,128,3405,3267
427,2003,big_west,128,3414,3225
428,2003,mwc,128,3428,3102
429,2003,mac,128,3444,3245
430,2003,a_sun,129,3125,3407
431,2003,aec,129,3131,3318
432,2003,mvc,129,3166,3229
433,2003,caa,129,3174,3180
434,2003,big_sky,129,3186,3340
435,2003,meac,129,3197,3126
436,2003,a_sun,129,3209,3273
437,2003,meac,129,3224,3271
438,2003,mvc,129,3232,3455
439,2003,a_sun,129,3240,3194
440,2003,caa,129,3241,3206
441,2003,aec,129,3263,3216
442,2003,mvc,129,3283,3179
443,2003,big_sky,129,3285,3319
444,2003,aec,129,3306,3392
445,2003,mvc,129,3320,3133
446,2003,caa,129,3330,3220
447,2003,big_twelve,129,3400,3160
448,2003,southland,129,3402,3372
449,2003,big_twelve,129,3403,3243
450,2003,a_sun,129,3416,3144
451,2003,southland,129,3427,3419
452,2003,caa,129,3433,3423
453,2003,aec,129,3436,3127
454,2003,swac,130,3106,3108
455,2003,mac,130,3123,3275
456,2003,aec,130,3131,3436
457,2003,mwc,130,3140,3428
458,2003,caa,130,3174,3433
459,2003,meac,130,3175,3224
460,2003,wac,130,3201,3374
461,2003,a_sun,130,3209,3240
462,2003,swac,130,3212,3238
463,2003,meac,130,3214,3197
464,2003,mvc,130,3232,3320
465,2003,wac,130,3256,3218
466,2003,aec,130,3263,3306
467,2003,mvc,130,3283,3166
468,2003,big_sky,130,3286,3285
469,2003,mwc,130,3307,3161
470,2003,caa,130,3330,3241
471,2003,big_west,130,3334,3253
472,2003,big_west,130,3364,3414
473,2003,a_sun,130,3416,3125
474,2003,mac,130,3444,3405
475,2003,big_sky,130,3451,3186
476,2003,swac,131,3106,3212
477,2003,aec,131,3131,3263
478,2003,a_sun,131,3209,3416
479,2003,meac,131,3214,3175
480,2003,wac,131,3256,3201
481,2003,mvc,131,3283,3232
482,2003,mwc,131,3307,3140
483,2003,caa,131,3330,3174
484,2003,big_west,131,3364,3334
485,2003,nec,131,3384,3420
486,2003,big_twelve,131,3400,3403
487,2003,southland,131,3402,3427
488,2003,mac,131,3444,3123
489,2003,big_sky,131,3451,3286
490,2004,ovc,120,3122,3287
491,2004,ovc,120,3184,3240
492,2004,ovc,120,3369,3293
493,2004,ovc,120,3399,3404
494,2004,horizon,120,3460,3464
495,2004,southern,121,3158,3422
496,2004,southern,121,3204,3111
497,2004,southern,121,3441,3459
498,2004,horizon,122,3139,3156
499,2004,cusa,122,3150,3187
500,2004,southern,122,3151,3204
501,2004,cusa,122,3153,3378
502,2004,horizon,122,3178,3260
503,2004,southern,122,3189,3190
504,2004,southern,122,3202,3158
505,2004,sec,122,3208,3376
506,2004,big_ten,122,3231,3458
507,2004,maac,122,3259,3351
508,2004,maac,122,3264,3193
509,2004,cusa,122,3266,3408
510,2004,cusa,122,3272,3412
511,2004,big_ten,122,3276,3228
512,2004,big_ten,122,3278,3321
513,2004,sec,122,3279,3104
514,2004,sec,122,3280,3116
515,2004,wcc,122,3360,3388
516,2004,wcc,122,3365,3362
517,2004,maac,122,3389,3233
518,2004,sec,122,3435,3246
519,2004,southern,122,3441,3172
520,2004,horizon,122,3453,3460
521,2004,horizon,122,3454,3227
522,2004,patriot,123,3110,3298
523,2004,ovc,123,3122,3369
524,2004,patriot,123,3137,3221
525,2004,pac_ten,123,3143,3332
526,2004,maac,123,3145,3259
527,2004,southern,123,3151,3189
528,2004,patriot,123,3159,3248
529,2004,a_ten,123,3182,3269
530,2004,ovc,123,3184,3399
531,2004,sec,123,3208,3196
532,2004,cusa,123,3222,3153
533,2004,a_ten,123,3247,3382
534,2004,patriot,123,3250,3119
535,2004,cusa,123,3257,3272
536,2004,sec,123,3261,3279
537,2004,maac,123,3265,3264
538,2004,cusa,123,3266,3177
539,2004,big_ten,123,3277,3234
540,2004,nec,123,3284,3447
541,2004,big_ten,123,3326,3278
542,2004,pac_ten,123,3333,3450
543,2004,big_ten,123,3336,3231
544,2004,wcc,123,3337,3365
545,2004,wcc,123,3339,3360
546,2004,big_ten,123,3345,3276
547,2004,nec,123,3346,3192
548,2004,a_ten,123,3348,3173
549,2004,nec,123,3357,3254
550,2004,nec,123,3384,3291
551,2004,maac,123,3389,3310
552,2004,cusa,123,3395,3150
553,2004,sec,123,3397,3280
554,2004,sec,123,3435,3120
555,2004,southern,123,3441,3202
556,2004,acc,123,3448,3210
557,2004,a_ten,123,3462,3200
558,2004,pac_ten,124,3112,3333
559,2004,ovc,124,3122,3184
560,2004,mac,124,3123,3296
561,2004,big_east,124,3130,3393
562,2004,mac,124,3132,3141
563,2004,maac,124,3145,3373
564,2004,southern,124,3151,3441
565,2004,sun_belt,124,3176,3375
566,2004,acc,124,3181,3448
567,2004,a_ten,124,3203,3247
568,2004,sec,124,3208,3397
569,2004,wcc,124,3211,3337
570,2004,cusa,124,3222,3266
571,2004,wcc,124,3258,3339
572,2004,maac,124,3265,3389
573,2004,mac,124,3267,3138
574,2004,acc,124,3268,3199
575,2004,acc,124,3301,3155
576,2004,sun_belt,124,3308,3117
577,2004,acc,124,3314,3438
578,2004,a_ten,124,3350,3348
579,2004,big_east,124,3353,3371
580,2004,a_ten,124,3386,3182
581,2004,pac_ten,124,3390,3143
582,2004,cusa,124,3395,3257
583,2004,a_ten,124,3396,3462
584,2004,mac,124,3405,3325
585,2004,pac_ten,124,3417,3113
586,2004,sec,124,3435,3261
587,2004,big_east,124,3439,3207
588,2004,mac,124,3444,3103
589,2004,pac_ten,124,3449,3425
590,2004,big_east,124,3452,3385
591,2004,patriot,125,3110,3250
592,2004,pac_ten,125,3112,3449
593,2004,big_east,125,3130,3274
594,2004,patriot,125,3159,3137
595,2004,big_east,125,3163,3439
596,2004,horizon,125,3178,3454
597,2004,acc,125,3181,3268
598,2004,cusa,125,3222,3395
599,2004,wcc,125,3258,3211
600,2004,maac,125,3265,3145
601,2004,nec,125,3284,3357
602,2004,sun_belt,125,3292,3317
603,2004,acc,125,3314,3301
604,2004,big_ten,125,3336,3277
605,2004,big_ten,125,3345,3326
606,2004,big_east,125,3353,3323
607,2004,nec,125,3384,3346
608,2004,a_ten,125,3386,3203
609,2004,pac_ten,125,3390,3417
610,2004,a_ten,125,3396,3350
611,2004,sec,125,3435,3208
612,2004,sun_belt,125,3443,3418
613,2004,big_east,125,3452,3437
614,2004,horizon,125,3453,3139
615,2004,meac,126,3126,3288
616,2004,big_east,126,3130,3163
617,2004,acc,126,3181,3314
618,2004,meac,126,3271,3299
619,2004,sun_belt,126,3292,3176
620,2004,big_ten,126,3345,3336
621,2004,big_east,126,3353,3452
622,2004,pac_ten,126,3390,3112
623,2004,a_ten,126,3396,3386
624,2004,sun_belt,126,3443,3308
625,2004,horizon,126,3453,3178
626,2004,big_twelve,127,3124,3242
627,2004,big_south,127,3128,3421
628,2004,wac,127,3129,3218
629,2004,big_east,127,3130,3353
630,2004,big_south,127,3157,3219
631,2004,big_twelve,127,3235,3304
632,2004,big_south,127,3251,3457
633,2004,big_twelve,127,3281,3329
634,2004,sun_belt,127,3292,3443
635,2004,meac,127,3313,3354
636,2004,southland,127,3322,3358
637,2004,big_twelve,127,3328,3401
638,2004,big_south,127,3347,3149
639,2004,wac,127,3363,3305
640,2004,southland,127,3419,3402
641,2004,southland,127,3426,3372
642,2004,southland,127,3427,3270
643,2004,big_twelve,128,3124,3403
644,2004,mac,128,3132,3444
645,2004,patriot,128,3159,3110
646,2004,big_west,128,3168,3415
647,2004,meac,128,3175,3313
648,2004,mac,128,3185,3405
649,2004,swac,128,3212,3108
650,2004,meac,128,3214,3271
651,2004,swac,128,3238,3411
652,2004,caa,128,3241,3406
653,2004,big_twelve,128,3243,3281
654,2004,big_west,128,3253,3429
655,2004,wac,128,3256,3129
656,2004,mac,128,3267,3245
657,2004,mac,128,3275,3123
658,2004,swac,128,3290,3106
659,2004,aec,128,3306,3392
660,2004,mwc,128,3307,3102
661,2004,aec,128,3318,3420
662,2004,big_twelve,128,3328,3160
663,2004,wac,128,3349,3363
664,2004,swac,128,3380,3105
665,2004,big_twelve,128,3400,3235
666,2004,wac,128,3409,3201
667,2004,mwc,128,3424,3140
668,2004,mwc,128,3428,3361
669,2004,wac,128,3431,3374
670,2004,caa,128,3456,3180
671,2004,mwc,128,3461,3161
672,2004,aec,129,3107,3216
673,2004,big_south,129,3128,3157
674,2004,aec,129,3131,3436
675,2004,meac,129,3164,3126
676,2004,caa,129,3174,3423
677,2004,mvc,129,3179,3133
678,2004,big_sky,129,3186,3451
679,2004,meac,129,3197,3224
680,2004,caa,129,3206,3241
681,2004,a_sun,129,3209,3194
682,2004,mvc,129,3229,3232
683,2004,big_south,129,3251,3347
684,2004,a_sun,129,3252,3407
685,2004,big_west,129,3253,3142
686,2004,aec,129,3263,3306
687,2004,mvc,129,3283,3455
688,2004,big_sky,129,3286,3319
689,2004,aec,129,3318,3127
690,2004,mvc,129,3320,3166
691,2004,southland,129,3322,3427
692,2004,big_twelve,129,3328,3243
693,2004,caa,129,3330,3456
694,2004,big_west,129,3334,3168
695,2004,a_sun,129,3391,3125
696,2004,big_twelve,129,3400,3124
697,2004,a_sun,129,3416,3273
698,2004,southland,129,3426,3419
699,2004,caa,129,3433,3220
700,2004,aec,130,3131,3318
701,2004,mac,130,3132,3275
702,2004,meac,130,3175,3197
703,2004,mvc,130,3179,3320
704,2004,mac,130,3185,3267
705,2004,caa,130,3206,3433
706,2004,meac,130,3214,3164
707,2004,big_west,130,3225,3334
708,2004,big_sky,130,3226,3286
709,2004,a_sun,130,3252,3209
710,2004,wac,130,3256,3431
711,2004,aec,130,3263,3107
712,2004,mvc,130,3283,3229
713,2004,big_sky,130,3285,3186
714,2004,swac,130,3290,3212
715,2004,mwc,130,3307,3461
716,2004,caa,130,3330,3174
717,2004,wac,130,3349,3409
718,2004,big_west,130,3364,3253
719,2004,swac,130,3380,3238
720,2004,a_sun,130,3416,3391
721,2004,mwc,130,3428,3424
722,2004,mac,131,3185,3132
723,2004,meac,131,3214,3175
724,2004,big_south,131,3251,3128
725,2004,a_sun,131,3252,3416
726,2004,wac,131,3256,3349
727,2004,aec,131,3263,3131
728,2004,mvc,131,3283,3179
729,2004,big_sky,131,3285,3226
730,2004,mwc,131,3307,3428
731,2004,southland,131,3322,3426
732,2004,big_twelve,131,3328,3400
733,2004,caa,131,3330,3206
734,2004,big_west,131,3364,3225
735,2004,swac,131,3380,3290
736,2004,nec,131,3384,3284
737,2005,horizon,120,3156,3260
738,2005,ovc,120,3184,3293
739,2005,ovc,120,3240,3398
740,2005,ovc,120,3369,3359
741,2005,ovc,120,3399,3404
742,2005,southern,121,3158,3189
743,2005,southern,121,3190,3111
744,2005,southern,121,3441,3459
745,2005,sec,122,3104,3196
746,2005,sec,122,3116,3280
747,2005,sec,122,3120,3246
748,2005,cusa,122,3150,3153
749,2005,patriot,122,3159,3119
750,2005,southern,122,3172,3158
751,2005,horizon,122,3178,3454
752,2005,southern,122,3190,3151
753,2005,southern,122,3204,3422
754,2005,wcc,122,3211,3339
755,2005,patriot,122,3221,3248
756,2005,horizon,122,3227,3139
757,2005,big_ten,122,3228,3321
758,2005,big_ten,122,3234,3276
759,2005,patriot,122,3250,3137
760,2005,wcc,122,3258,3360
761,2005,maac,122,3264,3389
762,2005,cusa,122,3266,3412
763,2005,cusa,122,3272,3187
764,2005,sec,122,3279,3376
765,2005,patriot,122,3298,3110
766,2005,wcc,122,3337,3388
767,2005,maac,122,3351,3259
768,2005,wcc,122,3365,3362
769,2005,maac,122,3373,3233
770,2005,cusa,122,3378,3379
771,2005,southern,122,3441,3202
772,2005,horizon,122,3453,3156
773,2005,big_ten,122,3458,3231
774,2005,horizon,122,3460,3464
775,2005,sun_belt,123,3114,3176
776,2005,pac_ten,123,3143,3450
777,2005,maac,123,3145,3264
778,2005,cusa,123,3177,3272
779,2005,ovc,123,3184,3240
780,2005,maac,123,3193,3373
781,2005,sun_belt,123,3198,3308
782,2005,a_ten,123,3200,3173
783,2005,southern,123,3204,3190
784,2005,sec,123,3208,3279
785,2005,cusa,123,3222,3150
786,2005,cusa,123,3257,3266
787,2005,sec,123,3261,3104
788,2005,acc,123,3268,3155
789,2005,a_ten,123,3269,3182
790,2005,acc,123,3274,3210
791,2005,big_ten,123,3277,3228
792,2005,big_ten,123,3278,3345
793,2005,sun_belt,123,3292,3309
794,2005,maac,123,3310,3351
795,2005,big_ten,123,3326,3458
796,2005,big_ten,123,3336,3234
797,2005,a_ten,123,3350,3382
798,2005,ovc,123,3369,3399
799,2005,a_ten,123,3386,3247
800,2005,cusa,123,3395,3378
801,2005,sec,123,3397,3120
802,2005,sec,123,3435,3116
803,2005,southern,123,3441,3172
804,2005,acc,123,3448,3439
805,2005,pac_ten,123,3449,3333
806,2005,pac_ten,124,3113,3417
807,2005,mac,124,3123,3103
808,2005,maac,124,3145,3310
809,2005,patriot,124,3159,3250
810,2005,acc,124,3181,3448
811,2005,ovc,124,3184,3369
812,2005,mac,124,3185,3138
813,2005,a_ten,124,3203,3200
814,2005,wcc,124,3211,3337
815,2005,patriot,124,3221,3298
816,2005,cusa,124,3257,3222
817,2005,sec,124,3261,3208
818,2005,maac,124,3265,3193
819,2005,acc,124,3268,3301
820,2005,mac,124,3275,3444
821,2005,acc,124,3314,3274
822,2005,mac,124,3325,3141
823,2005,pac_ten,124,3332,3449
824,2005,nec,124,3346,3284
825,2005,a_ten,124,3350,3348
826,2005,nec,124,3352,3148
827,2005,nec,124,3357,3291
828,2005,wcc,124,3365,3258
829,2005,nec,124,3384,3383
830,2005,big_east,124,3385,3371
831,2005,pac_ten,124,3390,3143
832,2005,big_east,124,3393,3207
833,2005,cusa,124,3395,3177
834,2005,a_ten,124,3396,3386
835,2005,sec,124,3397,3435
836,2005,mac,124,3405,3296
837,2005,sun_belt,124,3418,3198
838,2005,pac_ten,124,3425,3112
839,2005,big_east,124,3437,3344
840,2005,acc,124,3438,3199
841,2005,southern,124,3441,3204
842,2005,sun_belt,124,3443,3114
843,2005,big_east,124,3452,3338
844,2005,a_ten,124,3462,3269
845,2005,pac_ten,125,3113,3332
846,2005,sun_belt,125,3117,3375
847,2005,maac,125,3145,3265
848,2005,big_east,125,3163,3393
849,2005,acc,125,3181,3268
850,2005,a_ten,125,3203,3350
851,2005,big_ten,125,3277,3336
852,2005,big_ten,125,3278,3326
853,2005,sun_belt,125,3292,3317
854,2005,acc,125,3314,3438
855,2005,big_east,125,3323,3452
856,2005,big_east,125,3353,3385
857,2005,wcc,125,3365,3211
858,2005,pac_ten,125,3390,3425
859,2005,cusa,125,3395,3257
860,2005,a_ten,125,3396,3462
861,2005,sec,125,3397,3261
862,2005,big_east,125,3437,3130
863,2005,horizon,125,3453,3227
864,2005,horizon,125,3460,3178
865,2005,big_east,126,3163,3323
866,2005,meac,126,3197,3288
867,2005,southland,126,3270,3402
868,2005,big_ten,126,3277,3278
869,2005,sun_belt,126,3292,3443
870,2005,acc,126,3314,3181
871,2005,southland,126,3322,3427
872,2005,big_east,126,3353,3437
873,2005,meac,126,3354,3299
874,2005,pac_ten,126,3390,3113
875,2005,a_ten,126,3396,3203
876,2005,sun_belt,126,3418,3117
877,2005,southland,126,3419,3311
878,2005,southland,126,3426,3372
879,2005,horizon,126,3453,3460
880,2005,big_south,127,3128,3149
881,2005,wac,127,3129,3431
882,2005,big_east,127,3163,3353
883,2005,big_south,127,3219,3157
884,2005,big_twelve,127,3235,3160
885,2005,big_south,127,3251,3457
886,2005,big_twelve,127,3281,3242
887,2005,sun_belt,127,3292,3418
888,2005,big_twelve,127,3304,3329
889,2005,wac,127,3305,3218
890,2005,meac,127,3313,3126
891,2005,big_twelve,127,3328,3401
892,2005,nec,127,3352,3357
893,2005,nec,127,3384,3346
894,2005,big_south,127,3421,3347
895,2005,swac,128,3106,3238
896,2005,swac,128,3108,3411
897,2005,big_twelve,128,3124,3281
898,2005,aec,128,3131,3392
899,2005,mac,128,3132,3275
900,2005,mwc,128,3140,3161
901,2005,meac,128,3164,3354
902,2005,mac,128,3185,3123
903,2005,wac,128,3201,3374
904,2005,swac,128,3212,3105
905,2005,caa,128,3220,3456
906,2005,patriot,128,3221,3159
907,2005,big_twelve,128,3243,3304
908,2005,mac,128,3245,3325
909,2005,wac,128,3256,3129
910,2005,mac,128,3267,3405
911,2005,mwc,128,3307,3361
912,2005,meac,128,3313,3214
913,2005,aec,128,3318,3420
914,2005,wac,128,3349,3305
915,2005,wac,128,3363,3409
916,2005,swac,128,3380,3290
917,2005,big_twelve,128,3400,3328
918,2005,big_twelve,128,3403,3235
919,2005,big_west,128,3414,3429
920,2005,big_west,128,3415,3168
921,2005,southland,128,3419,3270
922,2005,mwc,128,3424,3461
923,2005,southland,128,3426,3322
924,2005,mwc,128,3428,3102
925,2005,caa,128,3433,3423
926,2005,big_twelve,129,3124,3403
927,2005,aec,129,3131,3263
928,2005,big_west,129,3169,3415
929,2005,caa,129,3174,3433
930,2005,mvc,129,3179,3166
931,2005,caa,129,3180,3206
932,2005,meac,129,3197,3175
933,2005,a_sun,129,3209,3252
934,2005,aec,129,3216,3318
935,2005,meac,129,3224,3271
936,2005,big_west,129,3225,3414
937,2005,big_sky,129,3226,3186
938,2005,mvc,129,3229,3283
939,2005,mvc,129,3232,3133
940,2005,caa,129,3241,3406
941,2005,big_twelve,129,3243,3400
942,2005,aec,129,3306,3107
943,2005,big_sky,129,3319,3170
944,2005,mvc,129,3320,3191
945,2005,caa,129,3330,3220
946,2005,a_sun,129,3391,3125
947,2005,a_sun,129,3407,3194
948,2005,a_sun,129,3416,3273
949,2005,aec,129,3436,3127
950,2005,swac,130,3108,3212
951,2005,aec,130,3131,3436
952,2005,mac,130,3132,3185
953,2005,meac,130,3164,3224
954,2005,caa,130,3174,3241
955,2005,a_sun,130,3209,3407
956,2005,aec,130,3216,3306
957,2005,big_west,130,3225,3253
958,2005,mvc,130,3229,3320
959,2005,mvc,130,3232,3179
960,2005,mac,130,3245,3267
961,2005,big_south,130,3251,3128
962,2005,wac,130,3256,3201
963,2005,big_sky,130,3285,3226
964,2005,mwc,130,3307,3424
965,2005,meac,130,3313,3197
966,2005,caa,130,3330,3180
967,2005,wac,130,3349,3363
968,2005,big_west,130,3364,3169
969,2005,swac,130,3380,3106
970,2005,a_sun,130,3391,3416
971,2005,big_south,130,3421,3219
972,2005,mwc,130,3428,3140
973,2005,big_sky,130,3451,3319
974,2005,swac,131,3108,3380
975,2005,big_twelve,131,3124,3243
976,2005,mac,131,3132,3245
977,2005,meac,131,3164,3313
978,2005,aec,131,3216,3131
979,2005,mvc,131,3229,3232
980,2005,big_south,131,3251,3421
981,2005,big_sky,131,3285,3451
982,2005,mwc,131,3307,3428
983,2005,caa,131,3330,3174
984,2005,wac,131,3349,3256
985,2005,big_west,131,3364,3225
986,2005,nec,131,3384,3352
987,2005,a_sun,131,3391,3209
988,2005,southland,131,3426,3419
989,2006,horizon,120,3260,3156
990,2006,ovc,120,3287,3122
991,2006,ovc,120,3359,3240
992,2006,ovc,120,3369,3293
993,2006,ovc,120,3399,3183
994,2006,horizon,121,3139,3178
995,2006,sun_belt,122,3117,3407
996,2006,patriot,122,3119,3248
997,2006,sec,122,3120,3376
998,2006,patriot,122,3137,3250
999,2006,patriot,122,3159,3298
1000,2006,cusa,122,3187,3412
1001,2006,maac,122,3193,3373
1002,2006,sec,122,3196,3280
1003,2006,sun_belt,122,3198,3309
1004,2006,southern,122,3202,3158
1005,2006,southern,122,3204,3459
1006,2006,acc,122,3210,3274
1007,2006,patriot,122,3221,3110
1008,2006,cusa,122,3222,3431
1009,2006,horizon,122,3227,3460
1010,2006,big_ten,122,3228,3321
1011,2006,big_ten,122,3231,3276
1012,2006,wcc,122,3258,3360
1013,2006,maac,122,3264,3351
1014,2006,cusa,122,3267,3272
1015,2006,sec,122,3279,3116
1016,2006,acc,122,3301,3155
1017,2006,maac,122,3310,3389
1018,2006,big_ten,122,3336,3458
1019,2006,wcc,122,3337,3388
1020,2006,wcc,122,3362,3211
1021,2006,wcc,122,3365,3339
1022,2006,sun_belt,122,3375,3114
1023,2006,cusa,122,3408,3416
1024,2006,sec,122,3435,3104
1025,2006,acc,122,3438,3130
1026,2006,acc,122,3439,3448
1027,2006,horizon,122,3453,3464
1028,2006,horizon,122,3454,3260
1029,2006,pac_ten,123,3112,3332
1030,2006,maac,123,3145,3193
1031,2006,southern,123,3151,3202
1032,2006,southern,123,3172,3189
1033,2006,a_ten,123,3173,3348
1034,2006,acc,123,3181,3439
1035,2006,a_ten,123,3182,3269
1036,2006,sec,123,3208,3435
1037,2006,big_ten,123,3231,3278
1038,2006,maac,123,3233,3310
1039,2006,sec,123,3246,3196
1040,2006,maac,123,3259,3264
1041,2006,sec,123,3261,3279
1042,2006,acc,123,3268,3210
1043,2006,big_ten,123,3277,3234
1044,2006,acc,123,3301,3199
1045,2006,acc,123,3314,3438
1046,2006,big_ten,123,3326,3336
1047,2006,pac_ten,123,3333,3450
1048,2006,big_ten,123,3345,3228
1049,2006,cusa,123,3349,3222
1050,2006,a_ten,123,3350,3247
1051,2006,ovc,123,3369,3359
1052,2006,cusa,123,3374,3408
1053,2006,cusa,123,3379,3267
1054,2006,a_ten,123,3386,3200
1055,2006,sec,123,3397,3120
1056,2006,ovc,123,3399,3287
1057,2006,cusa,123,3409,3187
1058,2006,southern,123,3422,3204
1059,2006,southern,123,3441,3111
1060,2006,pac_ten,124,3113,3333
1061,2006,sun_belt,124,3117,3317
1062,2006,patriot,124,3119,3159
1063,2006,mac,124,3123,3103
1064,2006,southern,124,3151,3441
1065,2006,a_ten,124,3182,3150
1066,2006,sun_belt,124,3198,3176
1067,2006,a_ten,124,3203,3350
1068,2006,patriot,124,3221,3137
1069,2006,nec,124,3254,3284
1070,2006,maac,124,3259,3145
1071,2006,sec,124,3261,3246
1072,2006,maac,124,3265,3233
1073,2006,acc,124,3268,3181
1074,2006,sun_belt,124,3292,3418
1075,2006,mac,124,3296,3275
1076,2006,acc,124,3314,3301
1077,2006,big_east,124,3323,3378
1078,2006,mac,124,3325,3141
1079,2006,wcc,124,3337,3258
1080,2006,big_east,124,3338,3153
1081,2006,nec,124,3346,3148
1082,2006,cusa,124,3349,3374
1083,2006,nec,124,3352,3291
1084,2006,nec,124,3357,3192
1085,2006,wcc,124,3365,3362
1086,2006,ovc,124,3369,3399
1087,2006,a_ten,124,3386,3462
1088,2006,pac_ten,124,3390,3112
1089,2006,a_ten,124,3396,3173
1090,2006,sec,124,3397,3208
1091,2006,mac,124,3405,3138
1092,2006,cusa,124,3409,3379
1093,2006,pac_ten,124,3417,3143
1094,2006,southern,124,3422,3172
1095,2006,pac_ten,124,3425,3449
1096,2006,big_east,124,3437,3266
1097,2006,sun_belt,124,3443,3375
1098,2006,big_east,124,3452,3257
1099,2006,southern,125,3151,3422
1100,2006,big_east,125,3163,3323
1101,2006,big_east,125,3177,3338
1102,2006,a_ten,125,3203,3386
1103,2006,horizon,125,3227,3453
1104,2006,maac,125,3265,3259
1105,2006,acc,125,3314,3268
1106,2006,big_ten,125,3326,3277
1107,2006,wcc,125,3337,3365
1108,2006,big_ten,125,3345,3231
1109,2006,big_east,125,3353,3437
1110,2006,pac_ten,125,3390,3425
1111,2006,a_ten,125,3396,3182
1112,2006,sec,125,3397,3261
1113,2006,cusa,125,3409,3349
1114,2006,pac_ten,125,3417,3113
1115,2006,big_east,125,3452,3385
1116,2006,horizon,125,3454,3139
1117,2006,big_east,126,3163,3177
1118,2006,sun_belt,126,3292,3117
1119,2006,big_ten,126,3326,3345
1120,2006,southland,126,3372,3249
1121,2006,a_ten,126,3396,3203
1122,2006,pac_ten,126,3417,3390
1123,2006,southland,126,3419,3402
1124,2006,southland,126,3426,3270
1125,2006,southland,126,3427,3368
1126,2006,sun_belt,126,3443,3198
1127,2006,big_east,126,3452,3353
1128,2006,horizon,126,3454,3227
1129,2006,meac,127,3126,3299
1130,2006,big_south,127,3157,3128
1131,2006,mwc,127,3161,3361
1132,2006,big_east,127,3163,3452
1133,2006,meac,127,3197,3288
1134,2006,meac,127,3214,3313
1135,2006,big_south,127,3219,3421
1136,2006,wac,127,3225,3429
1137,2006,big_twelve,127,3235,3400
1138,2006,big_twelve,127,3243,3242
1139,2006,big_south,127,3251,3149
1140,2006,sun_belt,127,3292,3443
1141,2006,big_twelve,127,3304,3160
1142,2006,nec,127,3346,3352
1143,2006,nec,127,3357,3254
1144,2006,big_twelve,127,3403,3329
1145,2006,big_south,127,3457,3347
1146,2006,swac,128,3105,3290
1147,2006,swac,128,3106,3108
1148,2006,patriot,128,3119,3221
1149,2006,big_twelve,128,3124,3243
1150,2006,wac,128,3129,3218
1151,2006,mac,128,3132,3296
1152,2006,mwc,128,3140,3161
1153,2006,big_west,128,3142,3334
1154,2006,meac,128,3164,3214
1155,2006,big_west,128,3169,3414
1156,2006,meac,128,3175,3197
1157,2006,caa,128,3180,3406
1158,2006,mac,128,3185,3325
1159,2006,caa,128,3206,3433
1160,2006,caa,128,3209,3456
1161,2006,swac,128,3238,3115
1162,2006,mac,128,3245,3123
1163,2006,wac,128,3256,3225
1164,2006,big_twelve,128,3281,3403
1165,2006,wac,128,3305,3363
1166,2006,wac,128,3308,3201
1167,2006,caa,128,3318,3423
1168,2006,big_twelve,128,3328,3235
1169,2006,southland,128,3372,3419
1170,2006,swac,128,3380,3212
1171,2006,mwc,128,3395,3461
1172,2006,big_twelve,128,3401,3304
1173,2006,mac,128,3405,3444
1174,2006,mwc,128,3424,3307
1175,2006,southland,128,3427,3426
1176,2006,mwc,128,3428,3102
1177,2006,big_twelve,129,3124,3401
1178,2006,a_sun,129,3125,3391
1179,2006,mvc,129,3166,3356
1180,2006,big_west,129,3169,3168
1181,2006,caa,129,3174,3318
1182,2006,a_sun,129,3194,3239
1183,2006,a_sun,129,3205,3144
1184,2006,caa,129,3220,3209
1185,2006,meac,129,3224,3354
1186,2006,caa,129,3241,3180
1187,2006,aec,129,3263,3107
1188,2006,meac,129,3271,3126
1189,2006,a_sun,129,3273,3190
1190,2006,mvc,129,3283,3133
1191,2006,big_sky,129,3319,3340
1192,2006,big_twelve,129,3328,3281
1193,2006,caa,129,3330,3206
1194,2006,big_west,129,3415,3142
1195,2006,big_sky,129,3451,3186
1196,2006,swac,130,3106,3238
1197,2006,aec,130,3127,3420
1198,2006,aec,130,3131,3306
1199,2006,mac,130,3132,3405
1200,2006,mwc,130,3140,3395
1201,2006,meac,130,3164,3224
1202,2006,meac,130,3175,3271
1203,2006,mvc,130,3191,3455
1204,2006,a_sun,130,3194,3273
1205,2006,a_sun,130,3205,3125
1206,2006,aec,130,3216,3263
1207,2006,big_south,130,3219,3157
1208,2006,mvc,130,3232,3166
1209,2006,caa,130,3241,3174
1210,2006,mac,130,3245,3185
1211,2006,big_south,130,3251,3457
1212,2006,wac,130,3256,3305
1213,2006,mvc,130,3283,3179
1214,2006,wac,130,3308,3129
1215,2006,big_sky,130,3319,3285
1216,2006,mvc,130,3320,3229
1217,2006,caa,130,3330,3220
1218,2006,big_west,130,3364,3169
1219,2006,swac,130,3380,3105
1220,2006,aec,130,3392,3436
1221,2006,big_west,130,3415,3253
1222,2006,mwc,130,3428,3424
1223,2006,big_sky,130,3451,3226
1224,2006,aec,131,3131,3392
1225,2006,mac,131,3132,3245
1226,2006,meac,131,3164,3175
1227,2006,a_sun,131,3194,3205
1228,2006,aec,131,3216,3127
1229,2006,mvc,131,3232,3191
1230,2006,big_south,131,3251,3219
1231,2006,wac,131,3256,3308
1232,2006,mvc,131,3283,3320
1233,2006,big_sky,131,3319,3451
1234,2006,big_twelve,131,3328,3124
1235,2006,caa,131,3330,3241
1236,2006,nec,131,3357,3346
1237,2006,southland,131,3372,3427
1238,2006,swac,131,3380,3106
1239,2006,big_west,131,3415,3364
1240,2006,mwc,131,3428,3140
1241,2006,aec,132,3216,3131
1242,2006,mvc,132,3283,3232
1243,2007,southern,120,3111,3189
1244,2007,southern,120,3202,3158
1245,2007,ovc,120,3293,3184
1246,2007,ovc,120,3359,3399
1247,2007,ovc,120,3369,3122
1248,2007,ovc,120,3404,3287
1249,2007,sun_belt,121,3114,3309
1250,2007,sun_belt,121,3117,3419
1251,2007,southern,121,3151,3111
1252,2007,sun_belt,121,3176,3194
1253,2007,sun_belt,121,3198,3407
1254,2007,sun_belt,121,3375,3317
1255,2007,southern,121,3441,3202
1256,2007,southern,122,3172,3459
1257,2007,sec,122,3196,3280
1258,2007,acc,122,3199,3448
1259,2007,southern,122,3204,3422
1260,2007,acc,122,3210,3274
1261,2007,wcc,122,3211,3339
1262,2007,cusa,122,3222,3267
1263,2007,big_ten,122,3231,3234
1264,2007,sec,122,3246,3116
1265,2007,wcc,122,3258,3365
1266,2007,maac,122,3264,3310
1267,2007,big_ten,122,3278,3321
1268,2007,sec,122,3279,3104
1269,2007,wcc,122,3337,3388
1270,2007,wcc,122,3362,3360
1271,2007,cusa,122,3374,3416
1272,2007,sec,122,3376,3120
1273,2007,maac,122,3389,3351
1274,2007,cusa,122,3409,3379
1275,2007,cusa,122,3431,3272
1276,2007,acc,122,3438,3155
1277,2007,acc,122,3439,3130
1278,2007,big_ten,122,3458,3276
1279,2007,pac_ten,123,3112,3333
1280,2007,southern,123,3151,3172
1281,2007,a_ten,123,3173,3247
1282,2007,acc,123,3181,3438
1283,2007,cusa,123,3187,3374
1284,2007,sec,123,3208,3246
1285,2007,maac,123,3233,3389
1286,2007,maac,123,3259,3145
1287,2007,sec,123,3261,3279
1288,2007,maac,123,3265,3264
1289,2007,acc,123,3268,3210
1290,2007,big_ten,123,3277,3278
1291,2007,ovc,123,3293,3404
1292,2007,acc,123,3301,3199
1293,2007,acc,123,3314,3439
1294,2007,big_ten,123,3326,3231
1295,2007,big_ten,123,3336,3228
1296,2007,big_ten,123,3345,3458
1297,2007,cusa,123,3349,3431
1298,2007,ovc,123,3369,3359
1299,2007,maac,123,3373,3193
1300,2007,a_ten,123,3382,3269
1301,2007,a_ten,123,3386,3348
1302,2007,a_ten,123,3387,3350
1303,2007,sec,123,3397,3376
1304,2007,cusa,123,3408,3222
1305,2007,cusa,123,3412,3409
1306,2007,pac_ten,123,3417,3450
1307,2007,sec,123,3435,3196
1308,2007,southern,123,3441,3204
1309,2007,patriot,124,3110,3298
1310,2007,pac_ten,124,3113,3417
1311,2007,sun_belt,124,3117,3443
1312,2007,pac_ten,124,3143,3332
1313,2007,southern,124,3151,3441
1314,2007,patriot,124,3159,3137
1315,2007,sun_belt,124,3176,3114
1316,2007,big_east,124,3177,3323
1317,2007,cusa,124,3187,3412
1318,2007,a_ten,124,3203,3173
1319,2007,wcc,124,3211,3362
1320,2007,patriot,124,3221,3248
1321,2007,maac,124,3233,3259
1322,2007,patriot,124,3250,3119
1323,2007,big_east,124,3257,3385
1324,2007,wcc,124,3258,3337
1325,2007,sec,124,3261,3397
1326,2007,maac,124,3265,3373
1327,2007,nec,124,3284,3346
1328,2007,sun_belt,124,3292,3375
1329,2007,acc,124,3301,3181
1330,2007,acc,124,3314,3268
1331,2007,big_east,124,3338,3153
1332,2007,cusa,124,3349,3408
1333,2007,nec,124,3352,3192
1334,2007,nec,124,3357,3291
1335,2007,ovc,124,3369,3293
1336,2007,big_east,124,3378,3371
1337,2007,nec,124,3383,3254
1338,2007,a_ten,124,3386,3150
1339,2007,pac_ten,124,3390,3112
1340,2007,a_ten,124,3396,3382
1341,2007,sun_belt,124,3418,3198
1342,2007,pac_ten,124,3425,3449
1343,2007,sec,124,3435,3208
1344,2007,a_ten,124,3462,3387
1345,2007,patriot,125,3110,3159
1346,2007,pac_ten,125,3113,3143
1347,2007,big_east,125,3163,3378
1348,2007,cusa,125,3187,3349
1349,2007,wcc,125,3211,3258
1350,2007,patriot,125,3221,3250
1351,2007,big_east,125,3257,3452
1352,2007,maac,125,3265,3233
1353,2007,big_east,125,3266,3338
1354,2007,mac,125,3296,3103
1355,2007,acc,125,3314,3301
1356,2007,mac,125,3325,3141
1357,2007,big_ten,125,3326,3336
1358,2007,big_ten,125,3345,3277
1359,2007,big_east,125,3353,3177
1360,2007,a_ten,125,3386,3203
1361,2007,pac_ten,125,3390,3425
1362,2007,mac,125,3405,3138
1363,2007,sec,125,3435,3261
1364,2007,mac,125,3444,3275
1365,2007,a_ten,125,3462,3396
1366,2007,big_east,126,3163,3257
1367,2007,horizon,126,3178,3260
1368,2007,sun_belt,126,3292,3176
1369,2007,big_ten,126,3345,3326
1370,2007,big_east,126,3353,3266
1371,2007,pac_ten,126,3390,3113
1372,2007,sun_belt,126,3418,3117
1373,2007,a_ten,126,3462,3386
1374,2007,mwc,127,3102,3161
1375,2007,mac,127,3123,3444
1376,2007,mac,127,3132,3405
1377,2007,big_twelve,127,3160,3403
1378,2007,mac,127,3185,3325
1379,2007,meac,127,3197,3126
1380,2007,meac,127,3224,3354
1381,2007,big_twelve,127,3235,3243
1382,2007,big_twelve,127,3242,3329
1383,2007,sun_belt,127,3292,3418
1384,2007,mac,127,3296,3245
1385,2007,meac,127,3313,3271
1386,2007,nec,127,3352,3383
1387,2007,big_east,127,3353,3163
1388,2007,nec,127,3357,3284
1389,2007,wac,127,3363,3225
1390,2007,big_twelve,127,3400,3281
1391,2007,big_twelve,128,3124,3242
1392,2007,wac,128,3129,3363
1393,2007,horizon,128,3139,3464
1394,2007,mwc,128,3140,3102
1395,2007,meac,128,3164,3224
1396,2007,big_west,128,3168,3334
1397,2007,meac,128,3175,3313
1398,2007,wac,128,3201,3218
1399,2007,patriot,128,3221,3110
1400,2007,horizon,128,3227,3156
1401,2007,big_twelve,128,3235,3304
1402,2007,swac,128,3238,3290
1403,2007,big_west,128,3253,3414
1404,2007,wac,128,3305,3429
1405,2007,mwc,128,3307,3424
1406,2007,wac,128,3308,3256
1407,2007,big_twelve,128,3328,3400
1408,2007,swac,128,3341,3380
1409,2007,southland,128,3372,3249
1410,2007,southland,128,3394,3402
1411,2007,big_twelve,128,3401,3160
1412,2007,southland,128,3426,3322
1413,2007,southland,128,3427,3368
1414,2007,mwc,128,3428,3395
1415,2007,horizon,128,3453,3178
1416,2007,horizon,128,3454,3460
1417,2007,mwc,128,3461,3361
1418,2007,aec,129,3107,3306
1419,2007,swac,129,3115,3106
1420,2007,a_sun,129,3125,3273
1421,2007,mvc,129,3133,3283
1422,2007,big_west,129,3168,3169
1423,2007,mvc,129,3179,3455
1424,2007,caa,129,3180,3209
1425,2007,a_sun,129,3190,3252
1426,2007,meac,129,3197,3299
1427,2007,a_sun,129,3205,3144
1428,2007,swac,129,3212,3105
1429,2007,big_twelve,129,3235,3401
1430,2007,a_sun,129,3239,3391
1431,2007,big_south,129,3251,3128
1432,2007,big_west,129,3253,3142
1433,2007,meac,129,3288,3214
1434,2007,big_sky,129,3319,3286
1435,2007,big_twelve,129,3328,3124
1436,2007,big_south,129,3347,3149
1437,2007,big_south,129,3421,3157
1438,2007,caa,129,3423,3406
1439,2007,caa,129,3433,3318
1440,2007,big_sky,129,3451,3340
1441,2007,caa,129,3456,3206
1442,2007,big_south,129,3457,3219
1443,2007,mac,130,3123,3296
1444,2007,a_sun,130,3125,3205
1445,2007,aec,130,3127,3131
1446,2007,wac,130,3129,3201
1447,2007,mac,130,3132,3185
1448,2007,horizon,130,3139,3227
1449,2007,mwc,130,3140,3428
1450,2007,mvc,130,3166,3232
1451,2007,caa,130,3174,3433
1452,2007,meac,130,3175,3197
1453,2007,mvc,130,3179,3356
1454,2007,a_sun,130,3190,3239
1455,2007,mvc,130,3191,3320
1456,2007,aec,130,3216,3107
1457,2007,caa,130,3220,3456
1458,2007,big_sky,130,3226,3451
1459,2007,mvc,130,3229,3133
1460,2007,swac,130,3238,3115
1461,2007,caa,130,3241,3423
1462,2007,meac,130,3288,3164
1463,2007,mwc,130,3307,3461
1464,2007,wac,130,3308,3305
1465,2007,big_sky,130,3319,3285
1466,2007,caa,130,3330,3180
1467,2007,swac,130,3341,3212
1468,2007,big_south,130,3347,3251
1469,2007,big_west,130,3364,3168
1470,2007,southland,130,3372,3394
1471,2007,big_west,130,3415,3253
1472,2007,aec,130,3420,3392
1473,2007,big_south,130,3421,3457
1474,2007,southland,130,3426,3427
1475,2007,aec,130,3436,3263
1476,2007,horizon,130,3453,3454
1477,2007,a_sun,131,3125,3190
1478,2007,wac,131,3129,3308
1479,2007,mac,131,3132,3123
1480,2007,mvc,131,3166,3229
1481,2007,meac,131,3175,3288
1482,2007,mvc,131,3179,3191
1483,2007,aec,131,3216,3127
1484,2007,big_sky,131,3226,3319
1485,2007,caa,131,3241,3174
1486,2007,mwc,131,3307,3140
1487,2007,big_twelve,131,3328,3235
1488,2007,caa,131,3330,3220
1489,2007,swac,131,3341,3238
1490,2007,nec,131,3352,3357
1491,2007,big_west,131,3415,3364
1492,2007,aec,131,3420,3436
1493,2007,big_south,131,3421,3347
1494,2007,southland,131,3426,3372
1495,2007,mvc,132,3179,3166
1496,2007,caa,132,3330,3241
1497,2007,aec,132,3420,3216
1498,2007,horizon,132,3453,3139
1499,2008,ovc,120,3183,3398
1500,2008,ovc,120,3293,3287
1501,2008,ovc,120,3359,3184
1502,2008,ovc,120,3369,3240
1503,2008,sun_belt,121,3117,3194
1504,2008,a_sun,121,3190,3273
1505,2008,sun_belt,121,3198,3176
1506,2008,a_sun,121,3239,3391
1507,2008,sun_belt,121,3317,3309
1508,2008,sun_belt,121,3375,3418
1509,2008,sun_belt,121,3407,3419
1510,2008,sec,122,3120,3116
1511,2008,acc,122,3130,3439
1512,2008,maac,122,3145,3310
1513,2008,acc,122,3155,3301
1514,2008,sec,122,3196,3376
1515,2008,acc,122,3199,3448
1516,2008,a_sun,122,3205,3144
1517,2008,sec,122,3208,3104
1518,2008,acc,122,3210,3274
1519,2008,wcc,122,3211,3337
1520,2008,big_ten,122,3228,3458
1521,2008,big_ten,122,3231,3321
1522,2008,a_sun,122,3252,3125
1523,2008,maac,122,3259,3351
1524,2008,cusa,122,3267,3408
1525,2008,big_ten,122,3276,3336
1526,2008,sec,122,3279,3280
1527,2008,cusa,122,3349,3187
1528,2008,wcc,122,3360,3339
1529,2008,wcc,122,3365,3362
1530,2008,cusa,122,3379,3416
1531,2008,wcc,122,3388,3258
1532,2008,cusa,122,3409,3272
1533,2008,southern,122,3422,3111
1534,2008,southern,122,3459,3202
1535,2008,southern,123,3151,3422
1536,2008,a_ten,123,3173,3269
1537,2008,acc,123,3181,3199
1538,2008,ovc,123,3183,3369
1539,2008,a_sun,123,3190,3252
1540,2008,maac,123,3193,3373
1541,2008,big_ten,123,3228,3326
1542,2008,maac,123,3233,3259
1543,2008,big_ten,123,3234,3276
1544,2008,a_sun,123,3239,3205
1545,2008,sec,123,3246,3208
1546,2008,sec,123,3261,3279
1547,2008,maac,123,3265,3145
1548,2008,cusa,123,3267,3412
1549,2008,acc,123,3268,3130
1550,2008,big_ten,123,3277,3278
1551,2008,ovc,123,3293,3359
1552,2008,acc,123,3314,3155
1553,2008,pac_ten,123,3332,3450
1554,2008,pac_ten,123,3333,3112
1555,2008,big_ten,123,3345,3231
1556,2008,a_ten,123,3348,3382
1557,2008,a_ten,123,3350,3182
1558,2008,cusa,123,3374,3409
1559,2008,cusa,123,3379,3222
1560,2008,a_ten,123,3386,3387
1561,2008,maac,123,3389,3264
1562,2008,sec,123,3397,3196
1563,2008,cusa,123,3431,3349
1564,2008,sec,123,3435,3120
1565,2008,acc,123,3438,3210
1566,2008,southern,123,3441,3459
1567,2008,patriot,124,3110,3159
1568,2008,pac_ten,124,3113,3449
1569,2008,sun_belt,124,3114,3198
1570,2008,sun_belt,124,3117,3375
1571,2008,patriot,124,3137,3119
1572,2008,pac_ten,124,3143,3332
1573,2008,southern,124,3158,3204
1574,2008,a_ten,124,3173,3150
1575,2008,big_east,124,3177,3266
1576,2008,acc,124,3181,3268
1577,2008,southern,124,3189,3172
1578,2008,a_sun,124,3190,3239
1579,2008,a_ten,124,3203,3348
1580,2008,wcc,124,3211,3388
1581,2008,patriot,124,3221,3298
1582,2008,big_ten,124,3228,3277
1583,2008,maac,124,3233,3193
1584,2008,patriot,124,3250,3248
1585,2008,nec,124,3254,3192
1586,2008,big_east,124,3257,3385
1587,2008,sec,124,3261,3246
1588,2008,maac,124,3265,3389
1589,2008,summit,124,3282,3442
1590,2008,nec,124,3284,3357
1591,2008,sun_belt,124,3292,3407
1592,2008,ovc,124,3293,3183
1593,2008,acc,124,3314,3438
1594,2008,summit,124,3324,3147
1595,2008,big_east,124,3338,3437
1596,2008,big_ten,124,3345,3234
1597,2008,nec,124,3346,3291
1598,2008,nec,124,3352,3383
1599,2008,wcc,124,3360,3365
1600,2008,cusa,124,3374,3267
1601,2008,big_east,124,3378,3393
1602,2008,pac_ten,124,3390,3333
1603,2008,a_ten,124,3396,3350
1604,2008,sec,124,3397,3435
1605,2008,pac_ten,124,3417,3425
1606,2008,cusa,124,3431,3379
1607,2008,sun_belt,124,3443,3317
1608,2008,a_ten,124,3462,3386
1609,2008,patriot,125,3137,3110
1610,2008,pac_ten,125,3143,3113
1611,2008,southern,125,3151,3158
1612,2008,big_east,125,3163,3177
1613,2008,patriot,125,3221,3250
1614,2008,summit,125,3237,3381
1615,2008,nec,125,3254,3346
1616,2008,big_east,125,3257,3353
1617,2008,maac,125,3265,3233
1618,2008,acc,125,3314,3181
1619,2008,mac,125,3325,3141
1620,2008,summit,125,3331,3236
1621,2008,big_east,125,3338,3323
1622,2008,big_ten,125,3345,3228
1623,2008,nec,125,3352,3284
1624,2008,wcc,125,3360,3211
1625,2008,cusa,125,3374,3431
1626,2008,pac_ten,125,3390,3417
1627,2008,a_ten,125,3396,3173
1628,2008,sec,125,3397,3261
1629,2008,southern,125,3441,3189
1630,2008,mac,125,3444,3103
1631,2008,big_east,125,3452,3378
1632,2008,a_ten,125,3462,3203
1633,2008,southern,126,3151,3441
1634,2008,big_east,126,3163,3338
1635,2008,summit,126,3237,3282
1636,2008,mac,126,3245,3296
1637,2008,big_east,126,3257,3452
1638,2008,horizon,126,3260,3227
1639,2008,sun_belt,126,3292,3114
1640,2008,summit,126,3331,3324
1641,2008,pac_ten,126,3390,3143
1642,2008,mac,126,3405,3138
1643,2008,sun_belt,126,3443,3117
1644,2008,a_ten,126,3462,3396
1645,2008,horizon,126,3464,3178
1646,2008,mac,127,3132,3245
1647,2008,mwc,127,3161,3424
1648,2008,big_east,127,3163,3257
1649,2008,meac,127,3197,3224
1650,2008,big_twelve,127,3235,3160
1651,2008,big_twelve,127,3242,3304
1652,2008,mac,127,3275,3444
1653,2008,big_twelve,127,3281,3328
1654,2008,meac,127,3288,3313
1655,2008,mac,127,3325,3185
1656,2008,summit,127,3331,3237
1657,2008,meac,127,3354,3126
1658,2008,wac,127,3363,3225
1659,2008,big_twelve,127,3400,3403
1660,2008,mac,127,3405,3123
1661,2008,sun_belt,127,3443,3292
1662,2008,wac,128,3129,3429
1663,2008,patriot,128,3137,3221
1664,2008,big_west,128,3142,3414
1665,2008,horizon,128,3156,3139
1666,2008,mwc,128,3161,3428
1667,2008,meac,128,3164,3354
1668,2008,big_west,128,3168,3253
1669,2008,wac,128,3201,3363
1670,2008,big_twelve,128,3235,3243
1671,2008,swac,128,3238,3108
1672,2008,southland,128,3249,3372
1673,2008,wac,128,3256,3305
1674,2008,meac,128,3299,3197
1675,2008,mwc,128,3307,3140
1676,2008,wac,128,3308,3218
1677,2008,big_twelve,128,3329,3242
1678,2008,swac,128,3341,3106
1679,2008,southland,128,3394,3402
1680,2008,mwc,128,3395,3102
1681,2008,big_twelve,128,3400,3124
1682,2008,big_twelve,128,3401,3281
1683,2008,southland,128,3426,3270
1684,2008,southland,128,3427,3322
1685,2008,horizon,128,3453,3260
1686,2008,horizon,128,3454,3434
1687,2008,horizon,128,3460,3464
1688,2008,swac,129,3115,3380
1689,2008,big_west,129,3142,3334
1690,2008,meac,129,3175,3288
1691,2008,meac,129,3214,3271
1692,2008,big_sky,129,3286,3319
1693,2008,swac,129,3290,3105
1694,2008,caa,129,3318,3206
1695,2008,mvc,129,3320,3455
1696,2008,big_twelve,129,3329,3400
1697,2008,big_sky,129,3340,3294
1698,2008,mvc,129,3356,3133
1699,2008,mwc,129,3361,3461
1700,2008,aec,129,3392,3263
1701,2008,big_twelve,129,3401,3235
1702,2008,caa,129,3406,3220
1703,2008,big_west,129,3415,3168
1704,2008,caa,129,3423,3174
1705,2008,caa,129,3456,3209
1706,2008,aec,130,3107,3127
1707,2008,aec,130,3131,3420
1708,2008,horizon,130,3156,3453
1709,2008,meac,130,3164,3175
1710,2008,mvc,130,3166,3283
1711,2008,mvc,130,3179,3232
1712,2008,mvc,130,3191,3320
1713,2008,wac,130,3201,3256
1714,2008,aec,130,3216,3392
1715,2008,big_south,130,3219,3157
1716,2008,mvc,130,3229,3356
1717,2008,swac,130,3238,3290
1718,2008,caa,130,3241,3456
1719,2008,southland,130,3249,3394
1720,2008,mac,130,3275,3405
1721,2008,big_sky,130,3285,3340
1722,2008,big_sky,130,3286,3226
1723,2008,meac,130,3299,3214
1724,2008,mwc,130,3307,3161
1725,2008,wac,130,3308,3129
1726,2008,mac,130,3325,3132
1727,2008,caa,130,3330,3423
1728,2008,swac,130,3341,3115
1729,2008,big_south,130,3347,3421
1730,2008,mwc,130,3361,3395
1731,2008,big_west,130,3364,3142
1732,2008,caa,130,3406,3180
1733,2008,big_west,130,3413,3415
1734,2008,southland,130,3427,3426
1735,2008,caa,130,3433,3318
1736,2008,aec,130,3436,3306
1737,2008,big_south,130,3457,3149
1738,2008,horizon,130,3460,3454
1739,2008,aec,131,3131,3436
1740,2008,meac,131,3164,3299
1741,2008,mvc,131,3179,3191
1742,2008,wac,131,3201,3308
1743,2008,aec,131,3216,3107
1744,2008,mvc,131,3229,3166
1745,2008,swac,131,3238,3341
1746,2008,big_south,131,3251,3219
1747,2008,mac,131,3275,3325
1748,2008,big_sky,131,3285,3286
1749,2008,mwc,131,3307,3361
1750,2008,caa,131,3330,3406
1751,2008,big_south,131,3347,3457
1752,2008,big_west,131,3364,3413
1753,2008,big_twelve,131,3401,3329
1754,2008,southland,131,3427,3249
1755,2008,caa,131,3433,3241
1756,2008,horizon,132,3156,3460
1757,2008,aec,132,3216,3131
1758,2008,mvc,132,3229,3179
1759,2008,big_south,132,3251,3347
1760,2008,caa,132,3330,3433
1761,2008,nec,132,3352,3254
1762,2009,ovc,120,3122,3287
1763,2009,ovc,120,3183,3399
1764,2009,ovc,120,3293,3240
1765,2009,ovc,120,3398,3369
1766,2009,a_sun,121,3239,3252
1767,2009,sun_belt,121,3309,3194
1768,2009,sun_belt,121,3317,3117
1769,2009,sun_belt,121,3375,3198
1770,2009,sun_belt,121,3407,3418
1771,2009,sun_belt,121,3419,3443
1772,2009,southern,122,3111,3202
1773,2009,a_sun,122,3125,3144
1774,2009,acc,122,3130,3274
1775,2009,acc,122,3155,3210
1776,2009,cusa,122,3187,3412
1777,2009,southern,122,3189,3204
1778,2009,sec,122,3208,3246
1779,2009,big_ten,122,3228,3336
1780,2009,big_ten,122,3231,3276
1781,2009,maac,122,3259,3264
1782,2009,cusa,122,3267,3272
1783,2009,a_sun,122,3273,3391
1784,2009,sec,122,3279,3116
1785,2009,sec,122,3280,3376
1786,2009,maac,122,3310,3351
1787,2009,sec,122,3397,3104
1788,2009,cusa,122,3408,3409
1789,2009,cusa,122,3416,3349
1790,2009,southern,122,3422,3459
1791,2009,acc,122,3438,3439
1792,2009,acc,122,3448,3301
1793,2009,big_ten,122,3458,3321
1794,2009,sec,123,3120,3279
1795,2009,ovc,123,3122,3293
1796,2009,maac,123,3145,3310
1797,2009,southern,123,3151,3111
1798,2009,big_east,123,3153,3266
1799,2009,a_ten,123,3173,3387
1800,2009,acc,123,3181,3438
1801,2009,a_ten,123,3182,3269
1802,2009,ovc,123,3183,3398
1803,2009,a_sun,123,3190,3273
1804,2009,maac,123,3193,3373
1805,2009,acc,123,3199,3130
1806,2009,maac,123,3233,3389
1807,2009,big_ten,123,3234,3278
1808,2009,a_sun,123,3239,3125
1809,2009,sec,123,3261,3280
1810,2009,maac,123,3265,3259
1811,2009,cusa,123,3267,3431
1812,2009,acc,123,3268,3448
1813,2009,acc,123,3314,3155
1814,2009,big_ten,123,3326,3228
1815,2009,big_ten,123,3345,3231
1816,2009,a_ten,123,3348,3203
1817,2009,southern,123,3359,3422
1818,2009,wcc,123,3360,3362
1819,2009,wcc,123,3365,3388
1820,2009,big_east,123,3371,3207
1821,2009,cusa,123,3374,3187
1822,2009,cusa,123,3379,3408
1823,2009,a_ten,123,3382,3386
1824,2009,big_east,123,3385,3393
1825,2009,sec,123,3397,3196
1826,2009,cusa,123,3416,3222
1827,2009,sec,123,3435,3208
1828,2009,big_east,123,3452,3344
1829,2009,big_ten,123,3458,3277
1830,2009,sun_belt,124,3114,3419
1831,2009,patriot,124,3119,3221
1832,2009,sec,124,3120,3397
1833,2009,ovc,124,3122,3183
1834,2009,maac,124,3145,3193
1835,2009,nec,124,3148,3192
1836,2009,a_ten,124,3150,3182
1837,2009,southern,124,3158,3172
1838,2009,a_ten,124,3173,3462
1839,2009,sun_belt,124,3176,3317
1840,2009,big_east,124,3177,3452
1841,2009,acc,124,3181,3199
1842,2009,a_sun,124,3190,3239
1843,2009,patriot,124,3248,3110
1844,2009,patriot,124,3250,3159
1845,2009,wcc,124,3258,3365
1846,2009,maac,124,3265,3233
1847,2009,acc,124,3268,3314
1848,2009,nec,124,3284,3346
1849,2009,sun_belt,124,3292,3309
1850,2009,patriot,124,3298,3137
1851,2009,big_east,124,3323,3385
1852,2009,summit,124,3324,3282
1853,2009,big_ten,124,3326,3234
1854,2009,big_ten,124,3345,3458
1855,2009,a_ten,124,3350,3348
1856,2009,big_east,124,3353,3371
1857,2009,summit,124,3355,3331
1858,2009,nec,124,3357,3291
1859,2009,wcc,124,3360,3337
1860,2009,sun_belt,124,3375,3407
1861,2009,big_east,124,3378,3153
1862,2009,cusa,124,3379,3267
1863,2009,nec,124,3384,3352
1864,2009,a_ten,124,3396,3382
1865,2009,cusa,124,3416,3374
1866,2009,sec,124,3435,3261
1867,2009,southern,124,3441,3189
1868,2009,a_ten,125,3150,3396
1869,2009,southern,125,3158,3151
1870,2009,big_east,125,3163,3378
1871,2009,wcc,125,3211,3258
1872,2009,summit,125,3237,3236
1873,2009,patriot,125,3248,3298
1874,2009,patriot,125,3250,3119
1875,2009,big_east,125,3257,3353
1876,2009,maac,125,3265,3145
1877,2009,acc,125,3268,3181
1878,2009,summit,125,3295,3442
1879,2009,big_ten,125,3326,3345
1880,2009,big_east,125,3338,3177
1881,2009,a_ten,125,3350,3173
1882,2009,nec,125,3357,3284
1883,2009,wcc,125,3360,3339
1884,2009,nec,125,3384,3148
1885,2009,cusa,125,3416,3379
1886,2009,sec,125,3435,3120
1887,2009,big_east,125,3437,3323
1888,2009,southern,125,3441,3359
1889,2009,sun_belt,126,3114,3176
1890,2009,a_ten,126,3150,3350
1891,2009,big_east,126,3163,3437
1892,2009,horizon,126,3178,3260
1893,2009,wcc,126,3211,3360
1894,2009,big_east,126,3257,3338
1895,2009,sun_belt,126,3292,3375
1896,2009,summit,126,3324,3295
1897,2009,summit,126,3355,3237
1898,2009,southern,126,3441,3158
1899,2009,horizon,126,3454,3464
1900,2009,mwc,127,3161,3461
1901,2009,big_east,127,3163,3257
1902,2009,meac,127,3197,3354
1903,2009,meac,127,3214,3313
1904,2009,wac,127,3218,3363
1905,2009,meac,127,3224,3126
1906,2009,sun_belt,127,3292,3114
1907,2009,mwc,127,3307,3102
1908,2009,summit,127,3355,3324
1909,2009,mwc,127,3424,3140
1910,2009,mac,128,3138,3296
1911,2009,mac,128,3141,3103
1912,2009,horizon,128,3156,3227
1913,2009,big_west,128,3168,3414
1914,2009,big_west,128,3169,3413
1915,2009,meac,128,3197,3164
1916,2009,wac,128,3201,3218
1917,2009,southland,128,3249,3372
1918,2009,patriot,128,3250,3248
1919,2009,wac,128,3256,3308
1920,2009,mac,128,3275,3185
1921,2009,meac,128,3299,3224
1922,2009,wac,128,3305,3129
1923,2009,mwc,128,3307,3161
1924,2009,southland,128,3322,3368
1925,2009,mac,128,3325,3444
1926,2009,swac,128,3341,3212
1927,2009,swac,128,3380,3411
1928,2009,mwc,128,3424,3395
1929,2009,southland,128,3426,3394
1930,2009,southland,128,3427,3270
1931,2009,wac,128,3429,3225
1932,2009,horizon,128,3453,3178
1933,2009,horizon,128,3454,3139
1934,2009,horizon,128,3460,3434
1935,2009,aec,129,3107,3263
1936,2009,pac_ten,129,3112,3450
1937,2009,swac,129,3115,3105
1938,2009,big_west,129,3142,3169
1939,2009,big_west,129,3168,3334
1940,2009,mvc,129,3191,3356
1941,2009,meac,129,3214,3175
1942,2009,big_sky,129,3226,3170
1943,2009,big_twelve,129,3242,3304
1944,2009,big_twelve,129,3243,3160
1945,2009,meac,129,3271,3288
1946,2009,big_sky,129,3286,3319
1947,2009,swac,129,3290,3106
1948,2009,caa,129,3318,3209
1949,2009,big_twelve,129,3329,3403
1950,2009,big_twelve,129,3400,3281
1951,2009,caa,129,3406,3174
1952,2009,caa,129,3423,3206
1953,2009,pac_ten,129,3449,3332
1954,2009,mvc,129,3455,3283
1955,2009,caa,129,3456,3220
1956,2009,mac,130,3123,3275
1957,2009,big_twelve,130,3124,3329
1958,2009,aec,130,3127,3420
1959,2009,aec,130,3131,3107
1960,2009,mac,130,3132,3141
1961,2009,mvc,130,3133,3232
1962,2009,mac,130,3138,3245
1963,2009,big_west,130,3142,3415
1964,2009,pac_ten,130,3143,3449
1965,2009,mvc,130,3166,3455
1966,2009,mvc,130,3179,3320
1967,2009,caa,130,3180,3406
1968,2009,mvc,130,3191,3229
1969,2009,wac,130,3201,3429
1970,2009,big_south,130,3205,3347
1971,2009,meac,130,3214,3197
1972,2009,aec,130,3216,3392
1973,2009,big_south,130,3219,3421
1974,2009,big_twelve,130,3235,3400
1975,2009,caa,130,3241,3318
1976,2009,big_south,130,3251,3149
1977,2009,big_sky,130,3285,3226
1978,2009,meac,130,3299,3271
1979,2009,wac,130,3305,3256
1980,2009,big_twelve,130,3328,3242
1981,2009,caa,130,3330,3423
1982,2009,big_sky,130,3340,3286
1983,2009,swac,130,3341,3115
1984,2009,mwc,130,3361,3424
1985,2009,big_west,130,3364,3168
1986,2009,swac,130,3380,3290
1987,2009,pac_ten,130,3390,3112
1988,2009,big_twelve,130,3401,3243
1989,2009,mac,130,3405,3325
1990,2009,pac_ten,130,3417,3333
1991,2009,pac_ten,130,3425,3113
1992,2009,southland,130,3426,3249
1993,2009,southland,130,3427,3322
1994,2009,mwc,130,3428,3307
1995,2009,caa,130,3433,3456
1996,2009,aec,130,3436,3306
1997,2009,horizon,130,3453,3460
1998,2009,horizon,130,3454,3156
1999,2009,big_south,130,3457,3157
2000,2009,mac,131,3123,3138
2001,2009,big_twelve,131,3124,3235
2002,2009,aec,131,3131,3127
2003,2009,mac,131,3132,3405
2004,2009,mvc,131,3166,3179
2005,2009,caa,131,3180,3330
2006,2009,mvc,131,3191,3133
2007,2009,wac,131,3201,3305
2008,2009,big_south,131,3205,3219
2009,2009,caa,131,3241,3433
2010,2009,big_south,131,3251,3457
2011,2009,big_sky,131,3285,3340
2012,2009,meac,131,3299,3214
2013,2009,swac,131,3341,3380
2014,2009,big_west,131,3364,3142
2015,2009,pac_ten,131,3390,3417
2016,2009,big_twelve,131,3401,3328
2017,2009,pac_ten,131,3425,3143
2018,2009,southland,131,3427,3426
2019,2009,mwc,131,3428,3361
2020,2009,aec,131,3436,3216
2021,2009,mac,132,3123,3132
2022,2009,big_twelve,132,3124,3401
2023,2009,caa,132,3180,3241
2024,2009,mvc,132,3191,3166
2025,2009,big_south,132,3251,3205
2026,2009,nec,132,3357,3384
2027,2009,pac_ten,132,3390,3425
2028,2009,aec,132,3436,3131
2029,2009,horizon,132,3453,3454
2030,2010,ovc,120,3122,3399
2031,2010,ovc,120,3183,3398
2032,2010,ovc,120,3287,3293
2033,2010,ovc,120,3404,3184
2034,2010,a_sun,121,3190,3391
2035,2010,a_sun,121,3316,3273
2036,2010,sec,122,3120,3196
2037,2010,a_sun,122,3125,3244
2038,2010,acc,122,3130,3439
2039,2010,maac,122,3145,3389
2040,2010,southern,122,3189,3459
2041,2010,southern,122,3202,3172
2042,2010,sec,122,3208,3104
2043,2010,big_ten,122,3228,3231
2044,2010,a_sun,122,3239,3144
2045,2010,acc,122,3268,3314
2046,2010,big_ten,122,3276,3321
2047,2010,sec,122,3279,3376
2048,2010,acc,122,3301,3155
2049,2010,aec,122,3306,3263
2050,2010,big_ten,122,3336,3278
2051,2010,maac,122,3373,3351
2052,2010,southern,122,3422,3441
2053,2010,sec,122,3435,3116
2054,2010,acc,122,3448,3274
2055,2010,ovc,123,3122,3287
2056,2010,acc,123,3130,3199
2057,2010,aec,123,3131,3420
2058,2010,southern,123,3151,3422
2059,2010,big_east,123,3153,3378
2060,2010,acc,123,3181,3268
2061,2010,a_ten,123,3182,3203
2062,2010,ovc,123,3183,3404
2063,2010,a_sun,123,3190,3125
2064,2010,maac,123,3193,3259
2065,2010,acc,123,3210,3448
2066,2010,aec,123,3216,3306
2067,2010,maac,123,3233,3373
2068,2010,big_ten,123,3234,3336
2069,2010,sec,123,3246,3120
2070,2010,big_east,123,3257,3338
2071,2010,wcc,123,3258,3362
2072,2010,maac,123,3265,3145
2073,2010,big_east,123,3266,3437
2074,2010,big_ten,123,3277,3276
2075,2010,sec,123,3280,3208
2076,2010,acc,123,3301,3438
2077,2010,maac,123,3310,3264
2078,2010,a_sun,123,3316,3239
2079,2010,big_ten,123,3326,3228
2080,2010,a_ten,123,3350,3269
2081,2010,southern,123,3359,3189
2082,2010,wcc,123,3365,3360
2083,2010,a_ten,123,3382,3387
2084,2010,a_ten,123,3386,3200
2085,2010,aec,123,3392,3127
2086,2010,big_east,123,3393,3371
2087,2010,sec,123,3397,3279
2088,2010,sec,123,3435,3261
2089,2010,aec,123,3436,3107
2090,2010,big_ten,123,3458,3345
2091,2010,patriot,124,3110,3248
2092,2010,southern,124,3111,3202
2093,2010,sun_belt,124,3117,3407
2094,2010,ovc,124,3122,3183
2095,2010,mac,124,3123,3444
2096,2010,nec,124,3148,3357
2097,2010,a_ten,124,3150,3386
2098,2010,a_ten,124,3173,3382
2099,2010,sun_belt,124,3176,3419
2100,2010,big_east,124,3177,3266
2101,2010,acc,124,3181,3210
2102,2010,mac,124,3185,3138
2103,2010,a_sun,124,3190,3316
2104,2010,maac,124,3193,3233
2105,2010,southern,124,3204,3158
2106,2010,patriot,124,3221,3119
2107,2010,big_ten,124,3234,3277
2108,2010,sec,124,3246,3280
2109,2010,patriot,124,3250,3137
2110,2010,nec,124,3254,3346
2111,2010,maac,124,3265,3310
2112,2010,mac,124,3275,3296
2113,2010,patriot,124,3298,3159
2114,2010,acc,124,3301,3130
2115,2010,sun_belt,124,3309,3194
2116,2010,sun_belt,124,3317,3198
2117,2010,big_east,124,3323,3257
2118,2010,big_ten,124,3326,3458
2119,2010,summit,124,3331,3381
2120,2010,wcc,124,3337,3258
2121,2010,nec,124,3352,3447
2122,2010,big_east,124,3353,3153
2123,2010,wcc,124,3365,3339
2124,2010,sun_belt,124,3375,3418
2125,2010,nec,124,3384,3284
2126,2010,big_east,124,3393,3344
2127,2010,a_ten,124,3396,3182
2128,2010,sec,124,3397,3435
2129,2010,summit,124,3442,3324
2130,2010,a_ten,124,3462,3350
2131,2010,patriot,125,3110,3298
2132,2010,sun_belt,125,3114,3117
2133,2010,mac,125,3141,3325
2134,2010,southern,125,3151,3204
2135,2010,big_east,125,3163,3393
2136,2010,acc,125,3181,3301
2137,2010,wcc,125,3211,3365
2138,2010,aec,125,3216,3392
2139,2010,patriot,125,3250,3221
2140,2010,nec,125,3254,3148
2141,2010,maac,125,3265,3193
2142,2010,summit,125,3282,3295
2143,2010,sun_belt,125,3292,3317
2144,2010,sun_belt,125,3309,3176
2145,2010,big_east,125,3323,3385
2146,2010,big_ten,125,3326,3234
2147,2010,wcc,125,3337,3388
2148,2010,big_east,125,3353,3207
2149,2010,summit,125,3355,3236
2150,2010,southern,125,3359,3111
2151,2010,nec,125,3384,3352
2152,2010,a_ten,125,3396,3173
2153,2010,sec,125,3397,3246
2154,2010,aec,125,3436,3131
2155,2010,sun_belt,125,3443,3375
2156,2010,big_east,125,3452,3177
2157,2010,a_ten,125,3462,3150
2158,2010,sun_belt,126,3114,3309
2159,2010,southern,126,3151,3359
2160,2010,big_east,126,3163,3323
2161,2010,cusa,126,3187,3379
2162,2010,wcc,126,3211,3337
2163,2010,sun_belt,126,3292,3443
2164,2010,summit,126,3331,3282
2165,2010,summit,126,3355,3442
2166,2010,cusa,126,3412,3409
2167,2010,cusa,126,3416,3267
2168,2010,cusa,126,3431,3349
2169,2010,big_east,126,3452,3353
2170,2010,horizon,126,3454,3434
2171,2010,horizon,126,3460,3464
2172,2010,a_ten,126,3462,3396
2173,2010,meac,127,3126,3313
2174,2010,big_east,127,3163,3452
2175,2010,cusa,127,3187,3272
2176,2010,cusa,127,3222,3431
2177,2010,southland,127,3249,3368
2178,2010,meac,127,3271,3175
2179,2010,sun_belt,127,3292,3114
2180,2010,mwc,127,3307,3161
2181,2010,southland,127,3322,3372
2182,2010,meac,127,3354,3164
2183,2010,summit,127,3355,3331
2184,2010,southland,127,3394,3358
2185,2010,cusa,127,3408,3416
2186,2010,cusa,127,3412,3374
2187,2010,southland,127,3426,3427
2188,2010,mwc,127,3428,3102
2189,2010,mwc,127,3461,3424
2190,2010,mac,128,3103,3185
2191,2010,swac,128,3106,3341
2192,2010,mac,128,3132,3275
2193,2010,horizon,128,3139,3460
2194,2010,horizon,128,3156,3227
2195,2010,big_west,128,3168,3414
2196,2010,horizon,128,3178,3260
2197,2010,wac,128,3201,3218
2198,2010,meac,128,3214,3271
2199,2010,wac,128,3225,3308
2200,2010,mac,128,3245,3141
2201,2010,wac,128,3256,3429
2202,2010,wac,128,3305,3129
2203,2010,meac,128,3354,3299
2204,2010,mwc,128,3361,3461
2205,2010,big_west,128,3364,3334
2206,2010,swac,128,3380,3115
2207,2010,mac,128,3405,3123
2208,2010,cusa,128,3408,3187
2209,2010,cusa,128,3412,3222
2210,2010,mwc,128,3428,3307
2211,2010,horizon,128,3453,3454
2212,2010,swac,129,3105,3108
2213,2010,pac_ten,129,3112,3450
2214,2010,big_twelve,129,3124,3160
2215,2010,meac,129,3126,3288
2216,2010,caa,129,3174,3206
2217,2010,mvc,129,3179,3191
2218,2010,caa,129,3220,3456
2219,2010,meac,129,3224,3197
2220,2010,mvc,129,3232,3356
2221,2010,big_twelve,129,3243,3403
2222,2010,southland,129,3249,3426
2223,2010,big_sky,129,3286,3170
2224,2010,caa,129,3318,3209
2225,2010,big_twelve,129,3329,3242
2226,2010,pac_ten,129,3333,3449
2227,2010,big_sky,129,3340,3226
2228,2010,big_west,129,3364,3253
2229,2010,southland,129,3394,3322
2230,2010,big_twelve,129,3400,3281
2231,2010,gwc,129,3410,3223
2232,2010,swac,129,3411,3212
2233,2010,big_west,129,3415,3168
2234,2010,caa,129,3423,3406
2235,2010,gwc,129,3430,3152
2236,2010,swac,130,3106,3105
2237,2010,mac,130,3132,3103
2238,2010,horizon,130,3139,3178
2239,2010,pac_ten,130,3143,3113
2240,2010,horizon,130,3156,3453
2241,2010,big_south,130,3157,3149
2242,2010,mvc,130,3166,3179
2243,2010,caa,130,3174,3180
2244,2010,wac,130,3201,3225
2245,2010,big_south,130,3205,3421
2246,2010,meac,130,3214,3126
2247,2010,big_south,130,3219,3457
2248,2010,mvc,130,3229,3232
2249,2010,caa,130,3241,3423
2250,2010,southland,130,3249,3394
2251,2010,big_south,130,3251,3347
2252,2010,wac,130,3256,3305
2253,2010,big_sky,130,3286,3186
2254,2010,big_twelve,130,3304,3243
2255,2010,mvc,130,3320,3133
2256,2010,big_twelve,130,3328,3124
2257,2010,big_twelve,130,3329,3235
2258,2010,caa,130,3330,3318
2259,2010,big_sky,130,3340,3285
2260,2010,meac,130,3354,3224
2261,2010,mwc,130,3361,3140
2262,2010,swac,130,3380,3411
2263,2010,pac_ten,130,3390,3112
2264,2010,big_twelve,130,3401,3400
2265,2010,mac,130,3405,3245
2266,2010,cusa,130,3408,3412
2267,2010,big_west,130,3413,3364
2268,2010,big_west,130,3415,3142
2269,2010,pac_ten,130,3417,3333
2270,2010,pac_ten,130,3425,3332
2271,2010,mwc,130,3428,3395
2272,2010,gwc,130,3430,3410
2273,2010,caa,130,3433,3220
2274,2010,mvc,130,3455,3283
2275,2010,mac,131,3132,3405
2276,2010,mvc,131,3166,3455
2277,2010,big_south,131,3205,3157
2278,2010,meac,131,3214,3354
2279,2010,caa,131,3241,3433
2280,2010,patriot,131,3250,3110
2281,2010,big_south,131,3251,3219
2282,2010,wac,131,3256,3201
2283,2010,mvc,131,3320,3229
2284,2010,big_twelve,131,3328,3329
2285,2010,caa,131,3330,3174
2286,2010,big_sky,131,3340,3286
2287,2010,mwc,131,3361,3428
2288,2010,swac,131,3380,3106
2289,2010,pac_ten,131,3390,3143
2290,2010,big_twelve,131,3401,3304
2291,2010,big_west,131,3415,3413
2292,2010,pac_ten,131,3417,3425
2293,2010,gwc,131,3430,3315
2294,2010,aec,131,3436,3216
2295,2010,horizon,132,3156,3139
2296,2010,caa,132,3241,3330
2297,2010,big_south,132,3251,3205
2298,2010,mvc,132,3320,3166
2299,2010,nec,132,3384,3254
2300,2010,pac_ten,132,3390,3417
2301,2010,big_twelve,132,3401,3328
2302,2011,ovc,121,3122,3293
2303,2011,a_sun,121,3190,3252
2304,2011,ovc,121,3240,3398
2305,2011,a_sun,121,3391,3244
2306,2011,ovc,122,3122,3183
2307,2011,a_sun,122,3125,3144
2308,2011,maac,122,3145,3310
2309,2011,southern,122,3172,3158
2310,2011,sec,122,3196,3116
2311,2011,acc,122,3210,3439
2312,2011,big_ten,122,3228,3458
2313,2011,a_sun,122,3239,3316
2314,2011,sec,122,3261,3104
2315,2011,sec,122,3280,3120
2316,2011,ovc,122,3287,3240
2317,2011,acc,122,3301,3130
2318,2011,acc,122,3314,3155
2319,2011,big_ten,122,3321,3278
2320,2011,big_ten,122,3345,3231
2321,2011,sec,122,3376,3279
2322,2011,maac,122,3389,3351
2323,2011,aec,122,3392,3263
2324,2011,southern,122,3441,3204
2325,2011,acc,122,3448,3438
2326,2011,southern,122,3459,3422
2327,2011,southern,123,3111,3172
2328,2011,aec,123,3127,3306
2329,2011,aec,123,3131,3436
2330,2011,a_ten,123,3150,3269
2331,2011,a_ten,123,3173,3203
2332,2011,acc,123,3181,3448
2333,2011,sec,123,3208,3376
2334,2011,acc,123,3210,3268
2335,2011,aec,123,3216,3107
2336,2011,big_ten,123,3228,3276
2337,2011,a_sun,123,3239,3190
2338,2011,sec,123,3246,3261
2339,2011,maac,123,3259,3145
2340,2011,maac,123,3264,3233
2341,2011,maac,123,3265,3389
2342,2011,acc,123,3274,3301
2343,2011,big_ten,123,3277,3321
2344,2011,acc,123,3314,3199
2345,2011,big_ten,123,3326,3234
2346,2011,big_ten,123,3336,3345
2347,2011,big_east,123,3338,3378
2348,2011,southern,123,3359,3441
2349,2011,wcc,123,3360,3258
2350,2011,wcc,123,3365,3362
2351,2011,maac,123,3373,3193
2352,2011,a_ten,123,3382,3200
2353,2011,a_ten,123,3386,3247
2354,2011,a_sun,123,3391,3125
2355,2011,big_east,123,3393,3371
2356,2011,sec,123,3397,3196
2357,2011,ovc,123,3399,3122
2358,2011,ovc,123,3404,3287
2359,2011,aec,123,3420,3392
2360,2011,sec,123,3435,3280
2361,2011,big_east,123,3437,3344
2362,2011,big_east,123,3452,3153
2363,2011,mac,124,3103,3444
2364,2011,patriot,124,3110,3221
2365,2011,sun_belt,124,3117,3194
2366,2011,patriot,124,3137,3119
2367,2011,mac,124,3138,3123
2368,2011,nec,124,3148,3357
2369,2011,a_ten,124,3150,3350
2370,2011,southern,124,3151,3459
2371,2011,a_ten,124,3173,3182
2372,2011,acc,124,3181,3210
2373,2011,mac,124,3185,3275
2374,2011,southern,124,3189,3202
2375,2011,big_east,124,3207,3393
2376,2011,summit,124,3236,3282
2377,2011,sec,124,3246,3435
2378,2011,patriot,124,3250,3248
2379,2011,big_east,124,3257,3437
2380,2011,maac,124,3259,3264
2381,2011,maac,124,3265,3373
2382,2011,big_east,124,3266,3338
2383,2011,nec,124,3284,3346
2384,2011,patriot,124,3298,3159
2385,2011,acc,124,3314,3274
2386,2011,big_ten,124,3326,3277
2387,2011,summit,124,3331,3442
2388,2011,big_ten,124,3336,3228
2389,2011,wcc,124,3339,3365
2390,2011,nec,124,3352,3254
2391,2011,wcc,124,3360,3337
2392,2011,sun_belt,124,3375,3418
2393,2011,nec,124,3384,3192
2394,2011,big_east,124,3385,3452
2395,2011,a_sun,124,3391,3239
2396,2011,a_ten,124,3396,3382
2397,2011,sec,124,3397,3208
2398,2011,ovc,124,3404,3399
2399,2011,sun_belt,124,3419,3407
2400,2011,sun_belt,124,3443,3317
2401,2011,a_ten,124,3462,3386
2402,2011,southern,125,3111,3189
2403,2011,sun_belt,125,3114,3375
2404,2011,sun_belt,125,3117,3292
2405,2011,aec,125,3131,3127
2406,2011,big_east,125,3163,3207
2407,2011,a_ten,125,3173,3396
2408,2011,big_east,125,3177,3385
2409,2011,acc,125,3181,3314
2410,2011,sun_belt,125,3198,3419
2411,2011,wcc,125,3211,3339
2412,2011,aec,125,3216,3420
2413,2011,big_east,125,3323,3257
2414,2011,summit,125,3324,3381
2415,2011,mac,125,3325,3296
2416,2011,big_ten,125,3326,3336
2417,2011,big_east,125,3353,3266
2418,2011,summit,125,3355,3295
2419,2011,southern,125,3359,3151
2420,2011,wcc,125,3388,3360
2421,2011,sec,125,3397,3246
2422,2011,sun_belt,125,3443,3176
2423,2011,a_ten,125,3462,3150
2424,2011,sun_belt,126,3114,3198
2425,2011,big_east,126,3163,3353
2426,2011,horizon,126,3178,3434
2427,2011,wcc,126,3211,3388
2428,2011,horizon,126,3260,3464
2429,2011,maac,126,3265,3259
2430,2011,big_east,126,3323,3177
2431,2011,summit,126,3324,3331
2432,2011,summit,126,3355,3236
2433,2011,southern,126,3359,3111
2434,2011,sun_belt,126,3443,3117
2435,2011,a_ten,126,3462,3173
2436,2011,mwc,127,3102,3161
2437,2011,sun_belt,127,3114,3443
2438,2011,big_west,127,3142,3168
2439,2011,southland,127,3146,3372
2440,2011,big_east,127,3163,3323
2441,2011,meac,127,3224,3313
2442,2011,big_twelve,127,3235,3304
2443,2011,big_twelve,127,3242,3160
2444,2011,southland,127,3249,3322
2445,2011,southland,127,3270,3368
2446,2011,meac,127,3271,3175
2447,2011,nec,127,3284,3352
2448,2011,mwc,127,3307,3361
2449,2011,big_west,127,3334,3364
2450,2011,meac,127,3354,3126
2451,2011,summit,127,3355,3324
2452,2011,nec,127,3384,3148
2453,2011,big_twelve,127,3400,3281
2454,2011,big_twelve,127,3403,3329
2455,2011,big_west,127,3413,3414
2456,2011,big_west,127,3415,3253
2457,2011,southland,127,3427,3358
2458,2011,mwc,127,3428,3424
2459,2011,patriot,128,3110,3250
2460,2011,pac_ten,128,3112,3332
2461,2011,pac_ten,128,3113,3333
2462,2011,big_twelve,128,3124,3242
2463,2011,mac,128,3132,3325
2464,2011,horizon,128,3139,3178
2465,2011,mac,128,3141,3138
2466,2011,pac_ten,128,3143,3449
2467,2011,horizon,128,3156,3227
2468,2011,mac,128,3185,3245
2469,2011,cusa,128,3187,3409
2470,2011,meac,128,3214,3354
2471,2011,gwc,128,3223,3377
2472,2011,wac,128,3225,3129
2473,2011,big_twelve,128,3243,3235
2474,2011,cusa,128,3272,3379
2475,2011,meac,128,3288,3271
2476,2011,patriot,128,3298,3137
2477,2011,mwc,128,3307,3461
2478,2011,wac,128,3308,3218
2479,2011,gwc,128,3315,3312
2480,2011,big_twelve,128,3328,3403
2481,2011,swac,128,3341,3238
2482,2011,swac,128,3380,3106
2483,2011,big_twelve,128,3401,3400
2484,2011,mac,128,3405,3103
2485,2011,cusa,128,3412,3267
2486,2011,pac_ten,128,3425,3450
2487,2011,mwc,128,3428,3102
2488,2011,gwc,128,3430,3410
2489,2011,cusa,128,3431,3374
2490,2011,horizon,128,3453,3260
2491,2011,horizon,128,3460,3454
2492,2011,pac_ten,129,3112,3425
2493,2011,mvc,129,3133,3191
2494,2011,pac_ten,129,3143,3113
2495,2011,southland,129,3146,3249
2496,2011,meac,129,3164,3197
2497,2011,caa,129,3174,3318
2498,2011,caa,129,3180,3406
2499,2011,big_sky,129,3186,3286
2500,2011,caa,129,3209,3206
2501,2011,swac,129,3212,3108
2502,2011,caa,129,3220,3456
2503,2011,cusa,129,3222,3431
2504,2011,meac,129,3224,3299
2505,2011,mvc,129,3232,3356
2506,2011,southland,129,3270,3427
2507,2011,cusa,129,3272,3349
2508,2011,big_sky,129,3285,3226
2509,2011,swac,129,3290,3105
2510,2011,wac,129,3305,3225
2511,2011,cusa,129,3408,3187
2512,2011,cusa,129,3416,3412
2513,2011,wac,129,3429,3308
2514,2011,big_twelve,130,3124,3243
2515,2011,mac,130,3132,3141
2516,2011,horizon,130,3139,3156
2517,2011,big_west,130,3142,3334
2518,2011,gwc,130,3152,3430
2519,2011,caa,130,3174,3330
2520,2011,mac,130,3185,3405
2521,2011,wac,130,3201,3429
2522,2011,big_south,130,3205,3421
2523,2011,meac,130,3214,3164
2524,2011,big_south,130,3219,3149
2525,2011,meac,130,3224,3288
2526,2011,mvc,130,3232,3229
2527,2011,caa,130,3241,3209
2528,2011,big_south,130,3251,3157
2529,2011,wac,130,3256,3305
2530,2011,southland,130,3270,3146
2531,2011,mvc,130,3283,3179
2532,2011,big_sky,130,3285,3294
2533,2011,gwc,130,3315,3223
2534,2011,mvc,130,3320,3133
2535,2011,big_sky,130,3340,3186
2536,2011,swac,130,3341,3212
2537,2011,swac,130,3380,3290
2538,2011,pac_ten,130,3390,3112
2539,2011,mwc,130,3395,3307
2540,2011,big_twelve,130,3401,3328
2541,2011,cusa,130,3408,3222
2542,2011,big_west,130,3413,3415
2543,2011,cusa,130,3416,3272
2544,2011,pac_ten,130,3417,3143
2545,2011,caa,130,3423,3180
2546,2011,mwc,130,3428,3140
2547,2011,caa,130,3433,3220
2548,2011,horizon,130,3453,3460
2549,2011,mvc,130,3455,3166
2550,2011,big_south,130,3457,3347
2551,2011,big_twelve,131,3124,3401
2552,2011,mac,131,3132,3185
2553,2011,gwc,131,3152,3315
2554,2011,caa,131,3174,3423
2555,2011,wac,131,3201,3256
2556,2011,big_south,131,3205,3457
2557,2011,meac,131,3214,3224
2558,2011,aec,131,3216,3131
2559,2011,caa,131,3241,3433
2560,2011,big_south,131,3251,3219
2561,2011,mvc,131,3283,3232
2562,2011,big_sky,131,3285,3340
2563,2011,patriot,131,3298,3110
2564,2011,mvc,131,3320,3455
2565,2011,swac,131,3341,3380
2566,2011,pac_ten,131,3390,3417
2567,2011,big_west,131,3413,3142
2568,2011,cusa,131,3416,3408
2569,2011,mwc,131,3428,3395
2570,2011,big_south,132,3205,3251
2571,2011,caa,132,3241,3174
2572,2011,mvc,132,3320,3283
2573,2011,nec,132,3384,3284
2574,2011,horizon,132,3453,3139
2575,2012,ovc,121,3122,3287
2576,2012,ovc,121,3184,3398
2577,2012,a_sun,121,3195,3190
2578,2012,wcc,121,3258,3362
2579,2012,a_sun,121,3391,3367
2580,2012,patriot,122,3110,3248
2581,2012,sec,122,3116,3279
2582,2012,sec,122,3196,3120
2583,2012,patriot,122,3221,3119
2584,2012,maac,122,3233,3351
2585,2012,a_sun,122,3239,3125
2586,2012,a_sun,122,3244,3316
2587,2012,patriot,122,3250,3137
2588,2012,aec,122,3263,3392
2589,2012,big_ten,122,3276,3228
2590,2012,big_ten,122,3277,3231
2591,2012,big_ten,122,3278,3458
2592,2012,ovc,122,3293,3122
2593,2012,patriot,122,3298,3159
2594,2012,acc,122,3301,3199
2595,2012,big_ten,122,3304,3321
2596,2012,acc,122,3314,3155
2597,2012,wcc,122,3337,3258
2598,2012,wcc,122,3339,3365
2599,2012,sec,122,3376,3104
2600,2012,maac,122,3389,3145
2601,2012,ovc,122,3399,3184
2602,2012,sec,122,3435,3280
2603,2012,acc,122,3438,3130
2604,2012,acc,122,3448,3439
2605,2012,aec,123,3107,3436
2606,2012,aec,123,3127,3216
2607,2012,aec,123,3131,3263
2608,2012,a_ten,123,3182,3203
2609,2012,maac,123,3193,3233
2610,2012,a_sun,123,3195,3244
2611,2012,southern,123,3202,3422
2612,2012,acc,123,3210,3314
2613,2012,sec,123,3246,3196
2614,2012,a_ten,123,3247,3462
2615,2012,sec,123,3261,3116
2616,2012,maac,123,3265,3389
2617,2012,big_east,123,3266,3153
2618,2012,acc,123,3268,3438
2619,2012,acc,123,3301,3181
2620,2012,big_ten,123,3304,3234
2621,2012,maac,123,3310,3259
2622,2012,big_ten,123,3326,3276
2623,2012,big_ten,123,3336,3278
2624,2012,big_ten,123,3345,3277
2625,2012,wcc,123,3360,3339
2626,2012,maac,123,3373,3264
2627,2012,sec,123,3376,3208
2628,2012,big_east,123,3378,3338
2629,2012,a_ten,123,3386,3200
2630,2012,a_ten,123,3387,3150
2631,2012,wcc,123,3388,3337
2632,2012,a_sun,123,3391,3239
2633,2012,big_east,123,3393,3344
2634,2012,sec,123,3397,3435
2635,2012,ovc,123,3399,3183
2636,2012,ovc,123,3404,3293
2637,2012,aec,123,3420,3306
2638,2012,big_east,123,3437,3371
2639,2012,southern,123,3441,3204
2640,2012,acc,123,3448,3274
2641,2012,southern,123,3459,3158
2642,2012,mac,124,3103,3138
2643,2012,southern,124,3111,3441
2644,2012,wcc,124,3140,3360
2645,2012,mac,124,3141,3123
2646,2012,southern,124,3151,3202
2647,2012,southern,124,3172,3459
2648,2012,a_ten,124,3173,3387
2649,2012,big_east,124,3177,3378
2650,2012,maac,124,3193,3373
2651,2012,a_sun,124,3195,3391
2652,2012,sun_belt,124,3198,3418
2653,2012,acc,124,3210,3301
2654,2012,wcc,124,3211,3388
2655,2012,big_east,124,3257,3437
2656,2012,sec,124,3261,3246
2657,2012,maac,124,3265,3310
2658,2012,acc,124,3268,3448
2659,2012,nec,124,3284,3254
2660,2012,mac,124,3296,3444
2661,2012,big_ten,124,3304,3326
2662,2012,sun_belt,124,3317,3407
2663,2012,mac,124,3325,3245
2664,2012,big_ten,124,3345,3336
2665,2012,nec,124,3346,3291
2666,2012,nec,124,3352,3384
2667,2012,big_east,124,3353,3266
2668,2012,summit,124,3355,3236
2669,2012,nec,124,3357,3192
2670,2012,southern,124,3359,3189
2671,2012,sun_belt,124,3375,3117
2672,2012,a_ten,124,3382,3247
2673,2012,a_ten,124,3386,3350
2674,2012,a_ten,124,3396,3182
2675,2012,sec,124,3397,3376
2676,2012,ovc,124,3404,3399
2677,2012,summit,124,3442,3331
2678,2012,sun_belt,124,3443,3419
2679,2012,big_east,124,3452,3393
2680,2012,aec,125,3107,3127
2681,2012,southern,125,3111,3151
2682,2012,sun_belt,125,3114,3375
2683,2012,big_east,125,3163,3353
2684,2012,a_ten,125,3173,3396
2685,2012,sun_belt,125,3194,3317
2686,2012,sun_belt,125,3198,3176
2687,2012,summit,125,3237,3295
2688,2012,acc,125,3268,3210
2689,2012,summit,125,3282,3324
2690,2012,sun_belt,125,3292,3443
2691,2012,big_east,125,3323,3177
2692,2012,big_ten,125,3345,3304
2693,2012,southern,125,3359,3172
2694,2012,a_ten,125,3382,3386
2695,2012,big_east,125,3385,3257
2696,2012,sec,125,3397,3261
2697,2012,aec,125,3420,3131
2698,2012,big_east,125,3452,3207
2699,2012,sun_belt,126,3114,3194
2700,2012,wcc,126,3140,3211
2701,2012,horizon,126,3156,3464
2702,2012,big_east,126,3163,3385
2703,2012,meac,126,3164,3300
2704,2012,a_ten,126,3173,3382
2705,2012,patriot,126,3221,3110
2706,2012,maac,126,3265,3193
2707,2012,meac,126,3271,3366
2708,2012,summit,126,3282,3442
2709,2012,sun_belt,126,3292,3198
2710,2012,patriot,126,3298,3250
2711,2012,meac,126,3299,3288
2712,2012,meac,126,3313,3126
2713,2012,big_east,126,3323,3452
2714,2012,meac,126,3354,3175
2715,2012,summit,126,3355,3237
2716,2012,southern,126,3359,3111
2717,2012,horizon,126,3434,3454
2718,2012,swac,127,3108,3115
2719,2012,sun_belt,127,3114,3292
2720,2012,big_west,127,3142,3168
2721,2012,big_east,127,3163,3323
2722,2012,big_west,127,3253,3169
2723,2012,southland,127,3270,3368
2724,2012,nec,127,3284,3346
2725,2012,southland,127,3311,3146
2726,2012,big_west,127,3334,3413
2727,2012,summit,127,3355,3282
2728,2012,nec,127,3357,3352
2729,2012,big_west,127,3364,3414
2730,2012,southland,127,3372,3249
2731,2012,southland,127,3402,3358
2732,2012,swac,127,3411,3238
2733,2012,swac,128,3108,3380
2734,2012,pac_twelve,128,3112,3417
2735,2012,mwc,128,3129,3161
2736,2012,mac,128,3141,3325
2737,2012,pac_twelve,128,3160,3428
2738,2012,horizon,128,3178,3156
2739,2012,cusa,128,3187,3409
2740,2012,wac,128,3201,3308
2741,2012,meac,128,3214,3313
2742,2012,meac,128,3224,3354
2743,2012,wac,128,3225,3363
2744,2012,horizon,128,3227,3139
2745,2012,wac,128,3256,3218
2746,2012,big_twelve,128,3281,3329
2747,2012,swac,128,3290,3411
2748,2012,mac,128,3296,3103
2749,2012,mwc,128,3307,3424
2750,2012,cusa,128,3349,3222
2751,2012,mwc,128,3361,3102
2752,2012,cusa,128,3374,3267
2753,2012,cusa,128,3379,3416
2754,2012,big_twelve,128,3403,3400
2755,2012,wac,128,3429,3305
2756,2012,pac_twelve,128,3449,3332
2757,2012,pac_twelve,128,3450,3333
2758,2012,horizon,128,3453,3434
2759,2012,horizon,128,3460,3260
2760,2012,mwc,128,3461,3395
2761,2012,pac_twelve,129,3113,3112
2762,2012,big_twelve,129,3124,3403
2763,2012,mvc,129,3133,3356
2764,2012,mac,129,3141,3275
2765,2012,pac_twelve,129,3143,3160
2766,2012,meac,129,3164,3299
2767,2012,big_sky,129,3170,3186
2768,2012,mvc,129,3179,3191
2769,2012,meac,129,3197,3271
2770,2012,caa,129,3206,3318
2771,2012,swac,129,3212,3105
2772,2012,big_twelve,129,3243,3235
2773,2012,southland,129,3270,3402
2774,2012,cusa,129,3272,3374
2775,2012,big_sky,129,3286,3285
2776,2012,gwc,129,3312,3223
2777,2012,big_twelve,129,3328,3281
2778,2012,caa,129,3330,3406
2779,2012,swac,129,3341,3106
2780,2012,southland,129,3372,3311
2781,2012,pac_twelve,129,3390,3449
2782,2012,big_twelve,129,3401,3242
2783,2012,mac,129,3405,3296
2784,2012,cusa,129,3408,3187
2785,2012,gwc,129,3410,3152
2786,2012,cusa,129,3412,3349
2787,2012,caa,129,3423,3209
2788,2012,cusa,129,3431,3379
2789,2012,caa,129,3433,3456
2790,2012,pac_twelve,129,3450,3425
2791,2012,swac,130,3108,3212
2792,2012,big_twelve,130,3124,3243
2793,2012,mac,130,3141,3132
2794,2012,pac_twelve,130,3143,3450
2795,2012,big_south,130,3149,3144
2796,2012,mvc,130,3166,3320
2797,2012,caa,130,3174,3330
2798,2012,horizon,130,3178,3460
2799,2012,mvc,130,3179,3229
2800,2012,caa,130,3180,3433
2801,2012,mac,130,3185,3405
2802,2012,wac,130,3201,3225
2803,2012,meac,130,3214,3164
2804,2012,big_south,130,3219,3157
2805,2012,meac,130,3224,3197
2806,2012,big_sky,130,3226,3170
2807,2012,caa,130,3241,3206
2808,2012,big_south,130,3251,3421
2809,2012,big_west,130,3253,3142
2810,2012,wac,130,3256,3429
2811,2012,southland,130,3270,3372
2812,2012,mvc,130,3283,3133
2813,2012,big_sky,130,3294,3286
2814,2012,mwc,130,3307,3129
2815,2012,gwc,130,3315,3410
2816,2012,swac,130,3341,3290
2817,2012,big_south,130,3347,3457
2818,2012,mwc,130,3361,3461
2819,2012,big_west,130,3364,3334
2820,2012,pac_twelve,130,3390,3113
2821,2012,big_twelve,130,3401,3328
2822,2012,cusa,130,3408,3272
2823,2012,caa,130,3423,3220
2824,2012,gwc,130,3430,3312
2825,2012,cusa,130,3431,3412
2826,2012,horizon,130,3453,3227
2827,2012,mvc,130,3455,3232
2828,2012,aec,131,3107,3420
2829,2012,big_twelve,131,3124,3401
2830,2012,mvc,131,3166,3283
2831,2012,caa,131,3174,3423
2832,2012,mvc,131,3179,3455
2833,2012,caa,131,3180,3241
2834,2012,mac,131,3185,3141
2835,2012,wac,131,3201,3256
2836,2012,meac,131,3214,3224
2837,2012,big_south,131,3219,3347
2838,2012,big_sky,131,3226,3294
2839,2012,big_south,131,3251,3149
2840,2012,patriot,131,3298,3221
2841,2012,gwc,131,3315,3430
2842,2012,swac,131,3341,3108
2843,2012,mwc,131,3361,3307
2844,2012,big_west,131,3364,3253
2845,2012,pac_twelve,131,3390,3143
2846,2012,cusa,131,3431,3408
2847,2012,mvc,132,3166,3179
2848,2012,caa,132,3174,3180
2849,2012,big_south,132,3251,3219
2850,2012,nec,132,3357,3284
2851,2012,horizon,132,3453,3178
2852,2013,sec,121,3104,3280
2853,2013,ovc,121,3184,3293
2854,2013,ovc,121,3188,3398
2855,2013,a_sun,121,3195,3244
2856,2013,big_south,121,3205,3157
2857,2013,big_south,121,3255,3149
2858,2013,big_south,121,3347,3421
2859,2013,wcc,121,3362,3337
2860,2013,a_sun,121,3391,3190
2861,2013,ovc,122,3125,3188
2862,2013,acc,122,3130,3438
2863,2013,patriot,122,3137,3110
2864,2013,maac,122,3145,3389
2865,2013,patriot,122,3159,3119
2866,2013,sec,122,3196,3116
2867,2013,patriot,122,3221,3250
2868,2013,big_ten,122,3234,3321
2869,2013,wcc,122,3258,3362
2870,2013,sec,122,3261,3120
2871,2013,maac,122,3264,3259
2872,2013,a_sun,122,3273,3239
2873,2013,acc,122,3274,3439
2874,2013,big_ten,122,3276,3231
2875,2013,patriot,122,3298,3248
2876,2013,acc,122,3301,3155
2877,2013,a_sun,122,3316,3367
2878,2013,big_ten,122,3326,3278
2879,2013,wcc,122,3339,3365
2880,2013,sec,122,3376,3104
2881,2013,ovc,122,3404,3184
2882,2013,pac_twelve,122,3425,3333
2883,2013,pac_twelve,122,3428,3112
2884,2013,sec,122,3435,3281
2885,2013,acc,122,3448,3210
2886,2013,pac_twelve,122,3449,3332
2887,2013,pac_twelve,122,3450,3113
2888,2013,big_ten,122,3458,3228
2889,2013,wcc,123,3140,3258
2890,2013,pac_twelve,123,3143,3425
2891,2013,big_south,123,3144,3219
2892,2013,pac_twelve,123,3160,3449
2893,2013,acc,123,3181,3301
2894,2013,a_ten,123,3182,3433
2895,2013,a_sun,123,3195,3316
2896,2013,acc,123,3199,3274
2897,2013,a_ten,123,3203,3350
2898,2013,southern,123,3204,3441
2899,2013,big_east,123,3207,3344
2900,2013,sec,123,3208,3261
2901,2013,aec,123,3216,3127
2902,2013,maac,123,3233,3145
2903,2013,big_twelve,123,3242,3395
2904,2013,big_twelve,123,3243,3400
2905,2013,sec,123,3246,3435
2906,2013,big_south,123,3251,3205
2907,2013,big_south,123,3255,3457
2908,2013,maac,123,3265,3264
2909,2013,big_east,123,3266,3338
2910,2013,acc,123,3268,3448
2911,2013,big_ten,123,3277,3276
2912,2013,big_ten,123,3304,3234
2913,2013,aec,123,3306,3392
2914,2013,maac,123,3310,3351
2915,2013,acc,123,3314,3130
2916,2013,big_ten,123,3336,3326
2917,2013,big_ten,123,3345,3458
2918,2013,big_south,123,3347,3342
2919,2013,southern,123,3359,3459
2920,2013,big_east,123,3371,3153
2921,2013,maac,123,3373,3193
2922,2013,a_ten,123,3387,3139
2923,2013,wcc,123,3388,3339
2924,2013,pac_twelve,123,3390,3450
2925,2013,a_sun,123,3391,3273
2926,2013,a_ten,123,3396,3462
2927,2013,sec,123,3397,3196
2928,2013,ovc,123,3399,3125
2929,2013,sec,123,3401,3376
2930,2013,ovc,123,3404,3183
2931,2013,sun_belt,123,3407,3375
2932,2013,pac_twelve,123,3417,3428
2933,2013,sun_belt,123,3418,3317
2934,2013,sun_belt,123,3419,3194
2935,2013,southern,123,3422,3202
2936,2013,aec,123,3436,3420
2937,2013,southern,124,3111,3158
2938,2013,sun_belt,124,3114,3407
2939,2013,big_twelve,124,3124,3243
2940,2013,mac,124,3132,3245
2941,2013,mac,124,3138,3296
2942,2013,southern,124,3151,3204
2943,2013,southern,124,3172,3422
2944,2013,a_ten,124,3173,3203
2945,2013,big_east,124,3177,3266
2946,2013,acc,124,3181,3199
2947,2013,southern,124,3189,3359
2948,2013,sun_belt,124,3198,3117
2949,2013,a_ten,124,3200,3387
2950,2013,wcc,124,3211,3140
2951,2013,maac,124,3233,3373
2952,2013,big_twelve,124,3235,3242
2953,2013,summit,124,3237,3282
2954,2013,sec,124,3246,3208
2955,2013,big_south,124,3251,3144
2956,2013,big_south,124,3255,3347
2957,2013,maac,124,3265,3310
2958,2013,mac,124,3275,3325
2959,2013,big_ten,124,3277,3336
2960,2013,sun_belt,124,3292,3419
2961,2013,acc,124,3314,3268
2962,2013,big_twelve,124,3328,3452
2963,2013,big_twelve,124,3329,3403
2964,2013,big_ten,124,3345,3304
2965,2013,summit,124,3355,3324
2966,2013,wcc,124,3360,3388
2967,2013,big_east,124,3378,3353
2968,2013,big_east,124,3385,3371
2969,2013,a_ten,124,3386,3182
2970,2013,pac_twelve,124,3390,3160
2971,2013,a_sun,124,3391,3195
2972,2013,a_ten,124,3396,3150
2973,2013,sec,124,3401,3397
2974,2013,ovc,124,3404,3399
2975,2013,pac_twelve,124,3417,3143
2976,2013,big_east,124,3437,3207
2977,2013,sun_belt,124,3443,3418
2978,2013,mac,124,3444,3185
2979,2013,aec,125,3107,3306
2980,2013,sun_belt,125,3114,3443
2981,2013,big_twelve,125,3124,3329
2982,2013,southern,125,3151,3111
2983,2013,big_east,125,3163,3177
2984,2013,southern,125,3172,3189
2985,2013,acc,125,3181,3314
2986,2013,a_ten,125,3200,3396
2987,2013,aec,125,3216,3436
2988,2013,big_twelve,125,3235,3328
2989,2013,summit,125,3236,3442
2990,2013,big_south,125,3251,3255
2991,2013,big_east,125,3257,3385
2992,2013,nec,125,3291,3284
2993,2013,sun_belt,125,3292,3198
2994,2013,big_east,125,3323,3378
2995,2013,big_ten,125,3345,3277
2996,2013,nec,125,3346,3136
2997,2013,nec,125,3357,3383
2998,2013,summit,125,3377,3295
2999,2013,nec,125,3384,3148
3000,2013,a_ten,125,3386,3173
3001,2013,pac_twelve,125,3390,3417
3002,2013,big_east,125,3393,3437
3003,2013,sec,125,3401,3246
3004,2013,big_twelve,126,3124,3235
3005,2013,southern,126,3151,3172
3006,2013,big_east,126,3163,3393
3007,2013,meac,126,3164,3300
3008,2013,wcc,126,3211,3360
3009,2013,patriot,126,3221,3159
3010,2013,maac,126,3265,3233
3011,2013,meac,126,3288,3271
3012,2013,sun_belt,126,3292,3114
3013,2013,patriot,126,3298,3137
3014,2013,big_east,126,3323,3257
3015,2013,meac,126,3354,3366
3016,2013,summit,126,3355,3236
3017,2013,summit,126,3377,3237
3018,2013,horizon,126,3434,3227
3019,2013,swac,127,3115,3108
3020,2013,big_west,127,3168,3253
3021,2013,big_west,127,3169,3413
3022,2013,meac,127,3175,3126
3023,2013,wac,127,3176,3402
3024,2013,swac,127,3212,3106
3025,2013,mwc,127,3305,3102
3026,2013,wac,127,3308,3426
3027,2013,meac,127,3313,3197
3028,2013,big_east,127,3323,3163
3029,2013,summit,127,3355,3377
3030,2013,swac,128,3115,3380
3031,2013,mac,128,3132,3444
3032,2013,mac,128,3138,3275
3033,2013,big_west,128,3168,3218
3034,2013,big_sky,128,3170,3226
3035,2013,horizon,128,3178,3460
3036,2013,big_sky,128,3186,3286
3037,2013,meac,128,3214,3175
3038,2013,wac,128,3225,3363
3039,2013,wac,128,3256,3427
3040,2013,horizon,128,3260,3454
3041,2013,southland,128,3270,3322
3042,2013,big_sky,128,3294,3381
3043,2013,meac,128,3299,3313
3044,2013,nec,128,3346,3291
3045,2013,big_west,128,3364,3169
3046,2013,wac,128,3370,3308
3047,2013,southland,128,3372,3146
3048,2013,cusa,128,3379,3272
3049,2013,nec,128,3384,3357
3050,2013,cusa,128,3409,3349
3051,2013,swac,128,3411,3212
3052,2013,cusa,128,3416,3222
3053,2013,wac,128,3429,3176
3054,2013,cusa,128,3431,3267
3055,2013,horizon,128,3453,3434
3056,2013,horizon,128,3464,3156
3057,2013,mac,129,3103,3138
3058,2013,mac,129,3141,3132
3059,2013,meac,129,3164,3354
3060,2013,mvc,129,3179,3283
3061,2013,cusa,129,3187,3379
3062,2013,mwc,129,3201,3129
3063,2013,gwc,129,3223,3152
3064,2013,meac,129,3224,3288
3065,2013,southland,129,3249,3372
3066,2013,southland,129,3270,3311
3067,2013,swac,129,3290,3105
3068,2013,mwc,129,3307,3424
3069,2013,swac,129,3341,3238
3070,2013,mvc,129,3356,3191
3071,2013,mwc,129,3361,3305
3072,2013,cusa,129,3409,3408
3073,2013,cusa,129,3416,3374
3074,2013,caa,129,3423,3206
3075,2013,cusa,129,3431,3412
3076,2013,mwc,129,3461,3161
3077,2013,mac,130,3103,3123
3078,2013,mac,130,3141,3405
3079,2013,big_west,130,3142,3364
3080,2013,mvc,130,3166,3356
3081,2013,caa,130,3174,3423
3082,2013,caa,130,3180,3456
3083,2013,mwc,130,3201,3461
3084,2013,meac,130,3214,3164
3085,2013,caa,130,3220,3318
3086,2013,meac,130,3224,3299
3087,2013,wac,130,3225,3429
3088,2013,mvc,130,3229,3133
3089,2013,caa,130,3241,3406
3090,2013,horizon,130,3260,3464
3091,2013,big_sky,130,3285,3170
3092,2013,swac,130,3290,3115
3093,2013,big_sky,130,3294,3186
3094,2013,gwc,130,3312,3410
3095,2013,mvc,130,3320,3232
3096,2013,southland,130,3331,3270
3097,2013,big_west,130,3334,3168
3098,2013,swac,130,3341,3411
3099,2013,southland,130,3358,3249
3100,2013,mwc,130,3361,3307
3101,2013,wac,130,3370,3256
3102,2013,cusa,130,3409,3187
3103,2013,cusa,130,3416,3431
3104,2013,gwc,130,3430,3223
3105,2013,horizon,130,3453,3178
3106,2013,mvc,130,3455,3179
3107,2013,aec,131,3107,3216
3108,2013,mac,131,3141,3103
3109,2013,big_west,131,3142,3334
3110,2013,caa,131,3174,3220
3111,2013,caa,131,3180,3241
3112,2013,mwc,131,3201,3361
3113,2013,meac,131,3214,3224
3114,2013,wac,131,3225,3370
3115,2013,mvc,131,3229,3166
3116,2013,big_sky,131,3285,3294
3117,2013,patriot,131,3298,3221
3118,2013,gwc,131,3312,3430
3119,2013,southland,131,3331,3358
3120,2013,swac,131,3341,3290
3121,2013,a_ten,131,3386,3200
3122,2013,cusa,131,3409,3416
3123,2013,mvc,131,3455,3320
3124,2013,caa,132,3174,3180
3125,2013,nec,132,3346,3384
3126,2013,horizon,132,3453,3260
3127,2013,mvc,132,3455,3229
3128,2014,patriot,120,3131,3259
3129,2014,big_south,120,3157,3149
3130,2014,patriot,120,3250,3159
3131,2014,big_south,120,3342,3255
3132,2014,big_south,120,3421,3347
3133,2014,acc,121,3155,3439
3134,2014,ovc,121,3184,3183
3135,2014,a_ten,121,3206,3269
3136,2014,ovc,121,3240,3188
3137,2014,sec,121,3279,3116
3138,2014,sec,121,3280,3281
3139,2014,acc,121,3438,3130
3140,2014,acc,121,3448,3338
3141,2014,patriot,122,3110,3248
3142,2014,patriot,122,3119,3131
3143,2014,sec,122,3120,3279
3144,2014,big_south,122,3144,3205
3145,2014,pac_twelve,122,3160,3417
3146,2014,a_ten,122,3182,3348
3147,2014,ovc,122,3184,3398
3148,2014,sec,122,3196,3280
3149,2014,acc,122,3199,3274
3150,2014,sec,122,3208,3435
3151,2014,acc,122,3210,3438
3152,2014,big_south,122,3219,3421
3153,2014,patriot,122,3221,3137
3154,2014,big_ten,122,3234,3228
3155,2014,ovc,122,3240,3399
3156,2014,a_ten,122,3247,3387
3157,2014,big_south,122,3251,3342
3158,2014,sec,122,3261,3104
3159,2014,big_ten,122,3276,3231
3160,2014,big_ten,122,3278,3458
3161,2014,maac,122,3284,3310
3162,2014,patriot,122,3298,3250
3163,2014,acc,122,3314,3448
3164,2014,big_ten,122,3326,3321
3165,2014,wcc,122,3337,3365
3166,2014,maac,122,3351,3389
3167,2014,wcc,122,3362,3258
3168,2014,maac,122,3373,3264
3169,2014,a_ten,122,3386,3206
3170,2014,acc,122,3393,3155
3171,2014,pac_twelve,122,3425,3112
3172,2014,pac_twelve,122,3428,3449
3173,2014,a_ten,122,3433,3350
3174,2014,pac_twelve,122,3450,3332
3175,2014,big_south,122,3457,3157
3176,2014,aec,123,3107,3127
3177,2014,ovc,123,3125,3240
3178,2014,wcc,123,3140,3337
3179,2014,aac,123,3153,3416
3180,2014,a_ten,123,3173,3433
3181,2014,acc,123,3181,3210
3182,2014,a_ten,123,3200,3182
3183,2014,a_ten,123,3203,3386
3184,2014,southern,123,3204,3459
3185,2014,wcc,123,3211,3362
3186,2014,aec,123,3216,3263
3187,2014,aac,123,3222,3272
3188,2014,maac,123,3233,3284
3189,2014,big_ten,123,3234,3345
3190,2014,big_twelve,123,3242,3243
3191,2014,sec,123,3246,3196
3192,2014,maac,123,3265,3373
3193,2014,big_ten,123,3277,3276
3194,2014,acc,123,3301,3393
3195,2014,big_ten,123,3304,3278
3196,2014,aec,123,3306,3436
3197,2014,acc,123,3314,3268
3198,2014,acc,123,3323,3199
3199,2014,big_ten,123,3326,3336
3200,2014,pac_twelve,123,3333,3428
3201,2014,wcc,123,3334,3339
3202,2014,maac,123,3346,3145
3203,2014,maac,123,3351,3193
3204,2014,sec,123,3376,3208
3205,2014,a_ten,123,3382,3247
3206,2014,wcc,123,3388,3360
3207,2014,pac_twelve,123,3390,3160
3208,2014,aec,123,3392,3420
3209,2014,big_twelve,123,3395,3403
3210,2014,sec,123,3397,3261
3211,2014,sec,123,3401,3120
3212,2014,ovc,123,3404,3184
3213,2014,pac_twelve,123,3425,3113
3214,2014,southern,123,3441,3422
3215,2014,pac_twelve,123,3450,3143
3216,2014,big_twelve,124,3124,3242
3217,2014,southern,124,3151,3204
3218,2014,aac,124,3163,3153
3219,2014,southern,124,3172,3359
3220,2014,a_ten,124,3173,3203
3221,2014,acc,124,3181,3314
3222,2014,southern,124,3189,3111
3223,2014,a_ten,124,3200,3382
3224,2014,big_east,124,3207,3462
3225,2014,big_south,124,3219,3144
3226,2014,big_ten,124,3234,3326
3227,2014,summit,124,3237,3295
3228,2014,sec,124,3246,3376
3229,2014,aac,124,3257,3222
3230,2014,big_ten,124,3304,3277
3231,2014,acc,124,3323,3301
3232,2014,big_twelve,124,3329,3235
3233,2014,pac_twelve,124,3333,3450
3234,2014,aac,124,3353,3374
3235,2014,big_east,124,3371,3344
3236,2014,aac,124,3378,3396
3237,2014,sec,124,3397,3401
3238,2014,big_twelve,124,3400,3328
3239,2014,ovc,124,3404,3125
3240,2014,pac_twelve,124,3425,3390
3241,2014,southern,124,3441,3202
3242,2014,big_twelve,124,3452,3395
3243,2014,big_south,124,3457,3251
3244,2014,aec,125,3107,3216
3245,2014,big_twelve,125,3124,3329
3246,2014,nec,125,3136,3383
3247,2014,southern,125,3151,3189
3248,2014,aac,125,3163,3353
3249,2014,big_east,125,3166,3139
3250,2014,southern,125,3172,3441
3251,2014,summit,125,3176,3236
3252,2014,big_east,125,3177,3207
3253,2014,a_ten,125,3200,3173
3254,2014,aac,125,3257,3378
3255,2014,maac,125,3265,3351
3256,2014,big_east,125,3266,3437
3257,2014,nec,125,3291,3447
3258,2014,big_ten,125,3304,3234
3259,2014,acc,125,3323,3181
3260,2014,maac,125,3346,3233
3261,2014,nec,125,3352,3254
3262,2014,summit,125,3377,3442
3263,2014,nec,125,3384,3357
3264,2014,big_east,125,3385,3371
3265,2014,aec,125,3392,3306
3266,2014,sec,125,3397,3246
3267,2014,pac_twelve,125,3425,3333
3268,2014,big_twelve,125,3452,3400
3269,2014,big_south,125,3457,3219
3270,2014,aec,126,3107,3392
3271,2014,patriot,126,3119,3110
3272,2014,mac,126,3123,3245
3273,2014,big_twelve,126,3124,3452
3274,2014,wcc,126,3140,3334
3275,2014,southern,126,3151,3172
3276,2014,aac,126,3163,3257
3277,2014,summit,126,3176,3237
3278,2014,big_east,126,3177,3266
3279,2014,meac,126,3197,3175
3280,2014,wcc,126,3211,3388
3281,2014,patriot,126,3221,3298
3282,2014,maac,126,3265,3346
3283,2014,meac,126,3271,3313
3284,2014,mac,126,3296,3185
3285,2014,mwc,126,3361,3102
3286,2014,meac,126,3366,3288
3287,2014,summit,126,3377,3355
3288,2014,big_east,126,3385,3166
3289,2014,mac,126,3405,3325
3290,2014,mwc,126,3424,3363
3291,2014,mwc,126,3429,3307
3292,2014,horizon,126,3434,3178
3293,2014,mac,126,3444,3275
3294,2014,swac,127,3105,3108
3295,2014,meac,127,3126,3354
3296,2014,mwc,127,3161,3429
3297,2014,big_east,127,3177,3385
3298,2014,a_sun,127,3195,3252
3299,2014,cusa,127,3198,3349
3300,2014,mwc,127,3201,3424
3301,2014,wcc,127,3211,3140
3302,2014,swac,127,3212,3115
3303,2014,meac,127,3224,3300
3304,2014,big_west,127,3253,3168
3305,2014,cusa,127,3256,3317
3306,2014,cusa,127,3267,3194
3307,2014,a_sun,127,3273,3239
3308,2014,mwc,127,3305,3361
3309,2014,a_sun,127,3367,3190
3310,2014,summit,127,3377,3176
3311,2014,a_sun,127,3391,3244
3312,2014,big_west,127,3413,3364
3313,2014,cusa,127,3427,3409
3314,2014,mwc,127,3461,3129
3315,2014,sun_belt,128,3114,3407
3316,2014,sun_belt,128,3117,3419
3317,2014,mac,128,3123,3296
3318,2014,wac,128,3167,3430
3319,2014,cusa,128,3198,3187
3320,2014,meac,128,3214,3224
3321,2014,big_west,128,3218,3253
3322,2014,wac,128,3225,3152
3323,2014,horizon,128,3227,3156
3324,2014,cusa,128,3256,3150
3325,2014,meac,128,3299,3126
3326,2014,wac,128,3308,3410
3327,2014,cusa,128,3330,3427
3328,2014,nec,128,3352,3136
3329,2014,wac,128,3370,3282
3330,2014,swac,128,3380,3105
3331,2014,nec,128,3384,3291
3332,2014,sun_belt,128,3402,3209
3333,2014,mac,128,3405,3444
3334,2014,swac,128,3411,3212
3335,2014,cusa,128,3412,3267
3336,2014,big_west,128,3414,3413
3337,2014,sun_belt,128,3443,3418
3338,2014,horizon,128,3453,3434
3339,2014,horizon,128,3460,3454
3340,2014,horizon,128,3464,3324
3341,2014,mac,129,3103,3405
3342,2014,mac,129,3123,3138
3343,2014,meac,129,3164,3271
3344,2014,cusa,129,3198,3408
3345,2014,big_sky,129,3226,3186
3346,2014,swac,129,3238,3290
3347,2014,mvc,129,3260,3133
3348,2014,southland,129,3270,3394
3349,2014,mvc,129,3283,3356
3350,2014,big_sky,129,3285,3286
3351,2014,cusa,129,3292,3412
3352,2014,southland,129,3311,3331
3353,2014,swac,129,3341,3106
3354,2014,meac,129,3366,3197
3355,2014,cusa,129,3379,3330
3356,2014,big_sky,129,3381,3170
3357,2014,caa,129,3423,3456
3358,2014,cusa,129,3431,3256
3359,2014,mac,130,3103,3141
3360,2014,sun_belt,130,3117,3402
3361,2014,mac,130,3123,3132
3362,2014,big_west,130,3142,3218
3363,2014,caa,130,3158,3406
3364,2014,mwc,130,3161,3461
3365,2014,meac,130,3164,3299
3366,2014,big_west,130,3169,3414
3367,2014,caa,130,3174,3318
3368,2014,mvc,130,3179,3191
3369,2014,caa,130,3180,3220
3370,2014,mwc,130,3201,3305
3371,2014,meac,130,3214,3366
3372,2014,wac,130,3225,3308
3373,2014,mvc,130,3229,3320
3374,2014,mvc,130,3232,3260
3375,2014,caa,130,3241,3423
3376,2014,southland,130,3270,3146
3377,2014,big_sky,130,3285,3381
3378,2014,cusa,130,3292,3198
3379,2014,big_sky,130,3315,3226
3380,2014,southland,130,3322,3311
3381,2014,swac,130,3341,3380
3382,2014,wac,130,3370,3167
3383,2014,cusa,130,3379,3431
3384,2014,swac,130,3411,3238
3385,2014,sun_belt,130,3443,3114
3386,2014,horizon,130,3453,3227
3387,2014,mvc,130,3455,3283
3388,2014,horizon,130,3460,3464
3389,2014,mac,131,3103,3123
3390,2014,patriot,131,3119,3221
3391,2014,big_west,131,3169,3142
3392,2014,caa,131,3174,3158
3393,2014,mvc,131,3179,3232
3394,2014,a_sun,131,3195,3273
3395,2014,mwc,131,3201,3161
3396,2014,meac,131,3214,3164
3397,2014,wac,131,3225,3370
3398,2014,caa,131,3241,3180
3399,2014,cusa,131,3292,3379
3400,2014,big_sky,131,3315,3285
3401,2014,southland,131,3322,3249
3402,2014,swac,131,3341,3411
3403,2014,southland,131,3372,3270
3404,2014,a_sun,131,3391,3367
3405,2014,sun_belt,131,3443,3117
3406,2014,mvc,131,3455,3229
3407,2014,a_sun,132,3195,3391
3408,2014,caa,132,3241,3174
3409,2014,southland,132,3322,3372
3410,2014,nec,132,3352,3384
3411,2014,mvc,132,3455,3179
3412,2014,horizon,132,3460,3453
3413,2015,big_south,120,3205,3255
3414,2015,big_south,120,3342,3149
3415,2015,big_south,120,3421,3157
3416,2015,sec,121,3120,3196
3417,2015,patriot,121,3159,3131
3418,2015,ovc,121,3188,3122
3419,2015,acc,121,3210,3155
3420,2015,big_ten,121,3231,3336
3421,2015,a_ten,121,3247,3172
3422,2015,patriot,121,3248,3259
3423,2015,a_ten,121,3269,3382
3424,2015,big_ten,121,3345,3458
3425,2015,ovc,121,3404,3183
3426,2015,sec,121,3435,3104
3427,2015,acc,121,3439,3301
3428,2015,acc,121,3448,3130
3429,2015,sec,122,3116,3279
3430,2015,ovc,122,3125,3240
3431,2015,wcc,122,3140,3388
3432,2015,big_south,122,3144,3457
3433,2015,southern,122,3151,3422
3434,2015,pac_twelve,122,3160,3425
3435,2015,southern,122,3190,3441
3436,2015,southern,122,3202,3359
3437,2015,big_south,122,3205,3347
3438,2015,sec,122,3208,3281
3439,2015,big_south,122,3219,3342
3440,2015,sec,122,3246,3435
3441,2015,big_south,122,3251,3421
3442,2015,wcc,122,3258,3337
3443,2015,southern,122,3273,3459
3444,2015,acc,122,3274,3438
3445,2015,big_ten,122,3277,3276
3446,2015,big_ten,122,3278,3345
3447,2015,maac,122,3284,3145
3448,2015,big_ten,122,3304,3228
3449,2015,maac,122,3310,3264
3450,2015,acc,122,3314,3210
3451,2015,a_ten,122,3348,3247
3452,2015,a_ten,122,3350,3269
3453,2015,big_ten,122,3353,3231
3454,2015,wcc,122,3362,3334
3455,2015,wcc,122,3365,3339
3456,2015,a_ten,122,3386,3206
3457,2015,a_ten,122,3387,3433
3458,2015,maac,122,3389,3351
3459,2015,ovc,122,3398,3287
3460,2015,sec,122,3401,3120
3461,2015,pac_twelve,122,3417,3112
3462,2015,acc,122,3439,3338
3463,2015,acc,122,3448,3393
3464,2015,pac_twelve,122,3449,3428
3465,2015,pac_twelve,122,3450,3332
3466,2015,patriot,123,3110,3248
3467,2015,pac_twelve,123,3113,3450
3468,2015,patriot,123,3119,3159
3469,2015,pac_twelve,123,3143,3449
3470,2015,southern,123,3151,3202
3471,2015,aac,123,3153,3416
3472,2015,pac_twelve,123,3160,3333
3473,2015,a_ten,123,3173,3386
3474,2015,acc,123,3181,3448
3475,2015,a_ten,123,3182,3348
3476,2015,southern,123,3190,3273
3477,2015,maac,123,3193,3310
3478,2015,a_sun,123,3195,3316
3479,2015,acc,123,3199,3439
3480,2015,a_ten,123,3200,3350
3481,2015,a_ten,123,3203,3387
3482,2015,wcc,123,3211,3258
3483,2015,big_ten,123,3234,3304
3484,2015,a_sun,123,3239,3244
3485,2015,big_twelve,123,3243,3242
3486,2015,sec,123,3246,3280
3487,2015,patriot,123,3250,3221
3488,2015,acc,123,3257,3314
3489,2015,sec,123,3261,3401
3490,2015,maac,123,3265,3389
3491,2015,big_ten,123,3268,3277
3492,2015,aac,123,3272,3374
3493,2015,a_sun,123,3297,3367
3494,2015,patriot,123,3298,3137
3495,2015,big_ten,123,3321,3353
3496,2015,acc,123,3323,3274
3497,2015,big_ten,123,3326,3278
3498,2015,maac,123,3346,3284
3499,2015,wcc,123,3360,3365
3500,2015,maac,123,3373,3233
3501,2015,sec,123,3376,3116
3502,2015,pac_twelve,123,3390,3417
3503,2015,a_sun,123,3391,3252
3504,2015,sec,123,3397,3208
3505,2015,ovc,123,3398,3188
3506,2015,ovc,123,3404,3125
3507,2015,aac,123,3408,3222
3508,2015,big_twelve,123,3452,3403
3509,2015,aec,124,3107,3436
3510,2015,big_twelve,124,3124,3243
3511,2015,pac_twelve,124,3143,3160
3512,2015,aac,124,3163,3153
3513,2015,a_ten,124,3173,3182
3514,2015,aac,124,3187,3396
3515,2015,acc,124,3199,3257
3516,2015,a_ten,124,3203,3200
3517,2015,aec,124,3216,3306
3518,2015,big_south,124,3219,3205
3519,2015,big_south,124,3251,3144
3520,2015,aec,124,3263,3127
3521,2015,big_east,124,3266,3344
3522,2015,big_ten,124,3268,3321
3523,2015,acc,124,3323,3181
3524,2015,big_ten,124,3326,3234
3525,2015,big_twelve,124,3328,3452
3526,2015,big_twelve,124,3329,3235
3527,2015,summit,124,3355,3176
3528,2015,sec,124,3376,3261
3529,2015,summit,124,3377,3236
3530,2015,aac,124,3378,3272
3531,2015,pac_twelve,124,3390,3113
3532,2015,sec,124,3397,3246
3533,2015,ovc,124,3398,3404
3534,2015,big_twelve,124,3400,3395
3535,2015,aac,124,3408,3409
3536,2015,aec,124,3420,3392
3537,2015,big_east,124,3462,3207
3538,2015,aec,125,3107,3420
3539,2015,big_twelve,125,3124,3329
3540,2015,nec,125,3136,3291
3541,2015,nec,125,3148,3254
3542,2015,southern,125,3151,3190
3543,2015,aac,125,3163,3187
3544,2015,big_east,125,3177,3462
3545,2015,a_ten,125,3203,3173
3546,2015,aec,125,3216,3263
3547,2015,summit,125,3237,3442
3548,2015,big_south,125,3251,3219
3549,2015,maac,125,3265,3193
3550,2015,big_ten,125,3268,3326
3551,2015,acc,125,3323,3199
3552,2015,summit,125,3331,3295
3553,2015,maac,125,3346,3373
3554,2015,nec,125,3352,3192
3555,2015,big_east,125,3371,3266
3556,2015,sec,125,3376,3397
3557,2015,aac,125,3378,3408
3558,2015,nec,125,3383,3357
3559,2015,big_east,125,3385,3166
3560,2015,pac_twelve,125,3390,3143
3561,2015,big_twelve,125,3400,3328
3562,2015,big_east,125,3437,3139
3563,2015,patriot,126,3110,3298
3564,2015,big_twelve,126,3124,3400
3565,2015,meac,126,3126,3197
3566,2015,wcc,126,3140,3211
3567,2015,mac,126,3141,3296
3568,2015,aac,126,3163,3378
3569,2015,big_east,126,3177,3437
3570,2015,mac,126,3185,3245
3571,2015,meac,126,3224,3354
3572,2015,patriot,126,3250,3119
3573,2015,meac,126,3313,3175
3574,2015,maac,126,3346,3265
3575,2015,summit,126,3355,3331
3576,2015,mwc,126,3361,3305
3577,2015,wcc,126,3362,3360
3578,2015,mwc,126,3363,3429
3579,2015,big_east,126,3371,3385
3580,2015,summit,126,3377,3237
3581,2015,mac,126,3405,3275
3582,2015,mac,126,3444,3132
3583,2015,horizon,126,3454,3434
3584,2015,mwc,126,3461,3102
3585,2015,mwc,127,3129,3424
3586,2015,wcc,127,3140,3362
3587,2015,meac,127,3164,3288
3588,2015,big_west,127,3168,3415
3589,2015,big_east,127,3177,3371
3590,2015,mwc,127,3201,3461
3591,2015,meac,127,3271,3300
3592,2015,mwc,127,3307,3361
3593,2015,summit,127,3355,3377
3594,2015,mwc,127,3363,3161
3595,2015,big_west,127,3413,3414
3596,2015,sun_belt,128,3114,3209
3597,2015,sun_belt,128,3117,3111
3598,2015,mwc,128,3129,3363
3599,2015,cusa,128,3150,3267
3600,2015,horizon,128,3156,3227
3601,2015,wac,128,3167,3152
3602,2015,big_west,128,3168,3142
3603,2015,mac,128,3185,3405
3604,2015,a_sun,128,3195,3239
3605,2015,swac,128,3238,3105
3606,2015,cusa,128,3256,3194
3607,2015,meac,128,3271,3214
3608,2015,a_sun,128,3297,3391
3609,2015,mwc,128,3307,3201
3610,2015,cusa,128,3330,3349
3611,2015,nec,128,3352,3136
3612,2015,meac,128,3366,3164
3613,2015,wac,128,3370,3430
3614,2015,swac,128,3380,3290
3615,2015,nec,128,3383,3148
3616,2015,sun_belt,128,3402,3426
3617,2015,wac,128,3410,3282
3618,2015,cusa,128,3412,3431
3619,2015,big_west,128,3413,3253
3620,2015,sun_belt,128,3418,3407
3621,2015,mac,128,3444,3141
3622,2015,horizon,128,3453,3454
3623,2015,horizon,128,3460,3324
3624,2015,horizon,128,3464,3178
3625,2015,swac,129,3106,3212
3626,2015,mac,129,3138,3444
3627,2015,big_sky,129,3170,3286
3628,2015,caa,129,3174,3318
3629,2015,mac,129,3185,3103
3630,2015,big_sky,129,3186,3319
3631,2015,mvc,129,3191,3229
3632,2015,southland,129,3223,3270
3633,2015,mvc,129,3260,3133
3634,2015,big_sky,129,3285,3226
3635,2015,cusa,129,3292,3256
3636,2015,big_sky,129,3294,3315
3637,2015,meac,129,3299,3126
3638,2015,meac,129,3313,3224
3639,2015,southland,129,3322,3146
3640,2015,cusa,129,3330,3427
3641,2015,swac,129,3341,3108
3642,2015,cusa,129,3379,3412
3643,2015,caa,129,3406,3158
3644,2015,cusa,129,3443,3150
3645,2015,swac,130,3106,3238
3646,2015,aec,130,3107,3216
3647,2015,sun_belt,130,3114,3402
3648,2015,sun_belt,130,3117,3418
3649,2015,mwc,130,3129,3307
3650,2015,big_west,130,3169,3413
3651,2015,caa,130,3174,3180
3652,2015,mac,130,3185,3123
3653,2015,caa,130,3189,3423
3654,2015,mvc,130,3191,3179
3655,2015,big_west,130,3218,3168
3656,2015,caa,130,3220,3456
3657,2015,southland,130,3223,3394
3658,2015,caa,130,3241,3406
3659,2015,meac,130,3271,3313
3660,2015,mvc,130,3283,3232
3661,2015,big_sky,130,3285,3186
3662,2015,big_sky,130,3294,3170
3663,2015,wac,130,3308,3370
3664,2015,mvc,130,3320,3356
3665,2015,southland,130,3322,3311
3666,2015,mac,130,3325,3138
3667,2015,meac,130,3366,3299
3668,2015,cusa,130,3379,3292
3669,2015,swac,130,3380,3341
3670,2015,wac,130,3410,3167
3671,2015,cusa,130,3443,3330
3672,2015,horizon,130,3453,3464
3673,2015,mvc,130,3455,3260
3674,2015,horizon,130,3460,3156
3675,2015,swac,131,3106,3380
3676,2015,patriot,131,3110,3250
3677,2015,sun_belt,131,3114,3117
3678,2015,big_west,131,3169,3218
3679,2015,caa,131,3220,3174
3680,2015,southland,131,3223,3372
3681,2015,caa,131,3241,3189
3682,2015,mvc,131,3283,3191
3683,2015,big_sky,131,3285,3294
3684,2015,wac,131,3308,3410
3685,2015,southland,131,3322,3249
3686,2015,mac,131,3325,3185
3687,2015,meac,131,3366,3271
3688,2015,cusa,131,3443,3379
3689,2015,mvc,131,3455,3320
3690,2015,a_sun,132,3195,3297
3691,2015,caa,132,3241,3220
3692,2015,southland,132,3322,3223
3693,2015,nec,132,3383,3352
3694,2015,horizon,132,3453,3460
3695,2015,mvc,132,3455,3283
3696,2016,ovc,121,3125,3398
3697,2016,acc,121,3130,3439
3698,2016,sec,121,3261,3104
3699,2016,a_ten,121,3269,3247
3700,2016,ovc,121,3293,3404
3701,2016,big_ten,121,3321,3458
3702,2016,big_ten,121,3336,3228
3703,2016,acc,121,3338,3314
3704,2016,a_ten,121,3350,3172
3705,2016,sec,121,3435,3279
3706,2016,acc,121,3448,3155
3707,2016,pac_twelve,122,3112,3332
3708,2016,sec,122,3120,3281
3709,2016,pac_twelve,122,3143,3428
3710,2016,southern,122,3151,3441
3711,2016,acc,122,3181,3438
3712,2016,ovc,122,3184,3122
3713,2016,ovc,122,3188,3369
3714,2016,a_ten,122,3200,3269
3715,2016,southern,122,3202,3190
3716,2016,a_ten,122,3206,3173
3717,2016,acc,122,3210,3448
3718,2016,big_ten,122,3234,3276
3719,2016,sec,122,3246,3261
3720,2016,wcc,122,3258,3339
3721,2016,maac,122,3264,3389
3722,2016,southern,122,3273,3422
3723,2016,acc,122,3274,3338
3724,2016,acc,122,3301,3130
3725,2016,maac,122,3310,3145
3726,2016,big_ten,122,3321,3278
3727,2016,wcc,122,3337,3334
3728,2016,big_ten,122,3345,3336
3729,2016,a_ten,122,3348,3386
3730,2016,big_ten,122,3353,3304
3731,2016,southern,122,3359,3459
3732,2016,wcc,122,3362,3360
3733,2016,wcc,122,3365,3211
3734,2016,maac,122,3373,3351
3735,2016,sec,122,3397,3116
3736,2016,pac_twelve,122,3425,3450
3737,2016,a_ten,122,3433,3350
3738,2016,sec,122,3435,3208
3739,2016,pac_twelve,122,3449,3160
3740,2016,ovc,123,3125,3188
3741,2016,wcc,123,3140,3337
3742,2016,pac_twelve,123,3143,3113
3743,2016,southern,123,3151,3359
3744,2016,a_ten,123,3182,3200
3745,2016,ovc,123,3184,3293
3746,2016,aac,123,3187,3153
3747,2016,a_sun,123,3195,3312
3748,2016,a_ten,123,3203,3206
3749,2016,maac,123,3233,3373
3750,2016,a_sun,123,3239,3252
3751,2016,big_twelve,123,3242,3395
3752,2016,sec,123,3246,3196
3753,2016,acc,123,3257,3210
3754,2016,big_ten,123,3268,3234
3755,2016,southern,123,3273,3202
3756,2016,acc,123,3274,3199
3757,2016,big_ten,123,3277,3345
3758,2016,sec,123,3280,3435
3759,2016,big_ten,123,3321,3231
3760,2016,acc,123,3323,3181
3761,2016,big_ten,123,3326,3353
3762,2016,pac_twelve,123,3333,3425
3763,2016,maac,123,3346,3310
3764,2016,a_sun,123,3367,3316
3765,2016,aac,123,3374,3416
3766,2016,sec,123,3376,3120
3767,2016,a_ten,123,3387,3348
3768,2016,wcc,123,3388,3258
3769,2016,a_sun,123,3391,3244
3770,2016,acc,123,3393,3301
3771,2016,sec,123,3397,3401
3772,2016,big_twelve,123,3403,3235
3773,2016,aac,123,3409,3222
3774,2016,pac_twelve,123,3417,3112
3775,2016,a_ten,123,3433,3382
3776,2016,pac_twelve,123,3449,3390
3777,2016,aec,124,3107,3436
3778,2016,patriot,124,3110,3131
3779,2016,big_twelve,124,3124,3403
3780,2016,ovc,124,3125,3184
3781,2016,aec,124,3127,3420
3782,2016,big_east,124,3139,3462
3783,2016,patriot,124,3159,3248
3784,2016,aac,124,3163,3187
3785,2016,big_east,124,3166,3344
3786,2016,a_ten,124,3182,3387
3787,2016,a_ten,124,3203,3433
3788,2016,aec,124,3263,3306
3789,2016,maac,124,3265,3264
3790,2016,big_ten,124,3268,3321
3791,2016,big_ten,124,3277,3326
3792,2016,sec,124,3280,3397
3793,2016,maac,124,3284,3193
3794,2016,acc,124,3323,3274
3795,2016,big_twelve,124,3328,3329
3796,2016,pac_twelve,124,3333,3449
3797,2016,summit,124,3355,3236
3798,2016,sec,124,3376,3246
3799,2016,summit,124,3377,3176
3800,2016,aac,124,3378,3374
3801,2016,aec,124,3392,3216
3802,2016,acc,124,3393,3257
3803,2016,aac,124,3396,3409
3804,2016,big_twelve,124,3400,3242
3805,2016,aac,124,3408,3272
3806,2016,pac_twelve,124,3417,3143
3807,2016,big_twelve,124,3452,3243
3808,2016,aec,125,3107,3127
3809,2016,big_twelve,125,3124,3328
3810,2016,nec,125,3136,3254
3811,2016,southern,125,3151,3273
3812,2016,aac,125,3163,3408
3813,2016,big_east,125,3166,3437
3814,2016,big_east,125,3177,3139
3815,2016,a_ten,125,3203,3182
3816,2016,maac,125,3233,3265
3817,2016,aec,125,3263,3392
3818,2016,big_ten,125,3268,3277
3819,2016,summit,125,3303,3237
3820,2016,acc,125,3323,3393
3821,2016,summit,125,3331,3442
3822,2016,pac_twelve,125,3333,3417
3823,2016,maac,125,3346,3284
3824,2016,nec,125,3352,3192
3825,2016,nec,125,3357,3291
3826,2016,big_east,125,3371,3266
3827,2016,sec,125,3376,3280
3828,2016,aac,125,3378,3396
3829,2016,nec,125,3384,3148
3830,2016,big_east,125,3385,3207
3831,2016,big_twelve,125,3400,3452
3832,2016,mac,126,3103,3275
3833,2016,patriot,126,3119,3159
3834,2016,big_twelve,126,3124,3400
3835,2016,patriot,126,3137,3110
3836,2016,mac,126,3138,3132
3837,2016,wcc,126,3140,3365
3838,2016,aac,126,3163,3378
3839,2016,meac,126,3164,3313
3840,2016,big_east,126,3166,3371
3841,2016,big_sky,126,3170,3381
3842,2016,mac,126,3185,3245
3843,2016,meac,126,3224,3271
3844,2016,big_sky,126,3226,3294
3845,2016,maac,126,3233,3346
3846,2016,patriot,126,3250,3221
3847,2016,patriot,126,3259,3298
3848,2016,big_sky,126,3285,3319
3849,2016,meac,126,3288,3300
3850,2016,summit,126,3355,3303
3851,2016,mwc,126,3361,3461
3852,2016,wcc,126,3362,3388
3853,2016,summit,126,3377,3331
3854,2016,big_east,126,3385,3177
3855,2016,mwc,126,3424,3102
3856,2016,mwc,126,3429,3305
3857,2016,mac,126,3444,3296
3858,2016,big_sky,126,3451,3340
3859,2016,swac,127,3105,3115
3860,2016,swac,127,3108,3290
3861,2016,big_west,127,3142,3169
3862,2016,mwc,127,3161,3361
3863,2016,meac,127,3197,3175
3864,2016,cusa,127,3198,3427
3865,2016,mwc,127,3201,3429
3866,2016,mwc,127,3307,3363
3867,2016,cusa,127,3317,3194
3868,2016,meac,127,3354,3366
3869,2016,summit,127,3355,3377
3870,2016,wcc,127,3362,3140
3871,2016,big_west,127,3364,3414
3872,2016,big_east,127,3385,3166
3873,2016,mwc,127,3424,3129
3874,2016,mac,128,3103,3405
3875,2016,swac,128,3106,3105
3876,2016,sun_belt,128,3114,3402
3877,2016,sun_belt,128,3117,3111
3878,2016,mac,128,3138,3325
3879,2016,mac,128,3141,3444
3880,2016,caa,128,3158,3423
3881,2016,mwc,128,3161,3307
3882,2016,wac,128,3167,3370
3883,2016,mac,128,3185,3123
3884,2016,big_sky,128,3186,3170
3885,2016,a_sun,128,3195,3391
3886,2016,mwc,128,3201,3424
3887,2016,big_sky,128,3225,3451
3888,2016,big_sky,128,3226,3286
3889,2016,a_sun,128,3239,3367
3890,2016,big_west,128,3253,3142
3891,2016,cusa,128,3267,3198
3892,2016,meac,128,3299,3197
3893,2016,big_sky,128,3315,3285
3894,2016,cusa,128,3330,3317
3895,2016,cusa,128,3349,3256
3896,2016,nec,128,3352,3136
3897,2016,meac,128,3354,3126
3898,2016,nec,128,3357,3384
3899,2016,swac,128,3380,3108
3900,2016,caa,128,3406,3456
3901,2016,sun_belt,128,3407,3375
3902,2016,wac,128,3410,3152
3903,2016,cusa,128,3412,3379
3904,2016,big_west,128,3413,3364
3905,2016,sun_belt,128,3418,3426
3906,2016,wac,128,3430,3282
3907,2016,mvc,129,3133,3455
3908,2016,big_south,129,3144,3157
3909,2016,big_south,129,3149,3255
3910,2016,meac,129,3164,3288
3911,2016,caa,129,3174,3189
3912,2016,caa,129,3180,3406
3913,2016,mvc,129,3191,3229
3914,2016,swac,129,3212,3341
3915,2016,meac,129,3214,3224
3916,2016,big_south,129,3219,3457
3917,2016,caa,129,3241,3158
3918,2016,southland,129,3249,3223
3919,2016,cusa,129,3267,3443
3920,2016,cusa,129,3292,3349
3921,2016,horizon,129,3297,3156
3922,2016,caa,129,3318,3220
3923,2016,cusa,129,3330,3150
3924,2016,southland,129,3358,3311
3925,2016,swac,129,3411,3238
3926,2016,cusa,129,3431,3412
3927,2016,horizon,129,3434,3178
3928,2016,horizon,129,3460,3227
3929,2016,horizon,129,3464,3324
3930,2016,swac,130,3106,3212
3931,2016,aec,130,3107,3263
3932,2016,sun_belt,130,3114,3418
3933,2016,patriot,130,3119,3250
3934,2016,mac,130,3138,3103
3935,2016,mac,130,3141,3185
3936,2016,mwc,130,3161,3201
3937,2016,meac,130,3164,3354
3938,2016,mvc,130,3179,3191
3939,2016,caa,130,3180,3318
3940,2016,big_west,130,3218,3253
3941,2016,big_sky,130,3225,3186
3942,2016,big_sky,130,3226,3315
3943,2016,caa,130,3241,3174
3944,2016,big_south,130,3251,3149
3945,2016,patriot,130,3259,3137
3946,2016,southland,130,3270,3249
3947,2016,mvc,130,3283,3232
3948,2016,cusa,130,3292,3267
3949,2016,horizon,130,3297,3434
3950,2016,meac,130,3299,3214
3951,2016,wac,130,3308,3430
3952,2016,mvc,130,3320,3133
3953,2016,cusa,130,3330,3431
3954,2016,big_south,130,3342,3205
3955,2016,big_south,130,3347,3219
3956,2016,mvc,130,3356,3260
3957,2016,southland,130,3358,3372
3958,2016,swac,130,3380,3411
3959,2016,sun_belt,130,3407,3117
3960,2016,wac,130,3410,3167
3961,2016,big_west,130,3413,3415
3962,2016,big_south,130,3421,3144
3963,2016,horizon,130,3460,3464
3964,2016,swac,131,3106,3380
3965,2016,patriot,131,3119,3259
3966,2016,mac,131,3138,3141
3967,2016,southland,131,3146,3270
3968,2016,big_west,131,3218,3413
3969,2016,big_sky,131,3225,3226
3970,2016,caa,131,3241,3180
3971,2016,big_south,131,3251,3347
3972,2016,mvc,131,3283,3179
3973,2016,cusa,131,3292,3330
3974,2016,meac,131,3299,3164
3975,2016,wac,131,3308,3410
3976,2016,mvc,131,3320,3356
3977,2016,southland,131,3358,3322
3978,2016,sun_belt,131,3407,3114
3979,2016,big_south,131,3421,3342
3980,2016,horizon,131,3453,3297
3981,2016,horizon,131,3454,3460
3982,2016,southland,132,3146,3358
3983,2016,a_sun,132,3239,3195
3984,2016,mvc,132,3283,3320
3985,2016,nec,132,3352,3357
3986,2016,big_south,132,3421,3251
3987,2016,horizon,132,3453,3454
3988,2017,a_ten,117,3182,3206
3989,2017,a_ten,117,3247,3382
3990,2017,a_ten,117,3386,3348
3991,2017,a_ten,118,3200,3172
3992,2017,a_ten,118,3387,3269
3993,2017,a_ten,118,3433,3350
3994,2017,sec,121,3104,3435
3995,2017,ovc,121,3125,3369
3996,2017,acc,121,3155,3439
3997,2017,ovc,121,3184,3287
3998,2017,sec,121,3196,3116
3999,2017,acc,121,3210,3130
4000,2017,big_ten,121,3228,3304
4001,2017,acc,121,3314,3338
4002,2017,big_ten,121,3458,3353
4003,2017,sec,122,3104,3397
4004,2017,pac_twelve,122,3113,3428
4005,2017,pac_twelve,122,3143,3425
4006,2017,maac,122,3145,3310
4007,2017,southern,122,3151,3441
4008,2017,ovc,122,3188,3399
4009,2017,sec,122,3208,3120
4010,2017,acc,122,3257,3155
4011,2017,sec,122,3261,3279
4012,2017,maac,122,3265,3389
4013,2017,southern,122,3273,3459
4014,2017,acc,122,3274,3210
4015,2017,big_ten,122,3277,3458
4016,2017,big_ten,122,3278,3336
4017,2017,maac,122,3284,3264
4018,2017,big_ten,122,3321,3234
4019,2017,pac_twelve,122,3332,3112
4020,2017,wcc,122,3334,3337
4021,2017,big_ten,122,3345,3228
4022,2017,southern,122,3359,3190
4023,2017,wcc,122,3360,3339
4024,2017,wcc,122,3362,3258
4025,2017,wcc,122,3388,3365
4026,2017,acc,122,3393,3314
4027,2017,sec,122,3401,3196
4028,2017,ovc,122,3404,3122
4029,2017,southern,122,3422,3202
4030,2017,acc,122,3438,3448
4031,2017,pac_twelve,122,3450,3160
4032,2017,ovc,123,3125,3404
4033,2017,wcc,123,3140,3360
4034,2017,southern,123,3151,3422
4035,2017,a_ten,123,3173,3433
4036,2017,acc,123,3181,3393
4037,2017,a_ten,123,3182,3203
4038,2017,ovc,123,3184,3188
4039,2017,a_sun,123,3195,3316
4040,2017,wcc,123,3211,3334
4041,2017,aac,123,3222,3153
4042,2017,horizon,123,3227,3297
4043,2017,a_sun,123,3239,3252
4044,2017,a_sun,123,3244,3312
4045,2017,sec,123,3246,3104
4046,2017,acc,123,3257,3301
4047,2017,big_ten,123,3268,3278
4048,2017,southern,123,3273,3359
4049,2017,acc,123,3274,3199
4050,2017,big_ten,123,3277,3276
4051,2017,sec,123,3280,3261
4052,2017,acc,123,3323,3438
4053,2017,big_ten,123,3326,3321
4054,2017,big_twelve,123,3329,3242
4055,2017,pac_twelve,123,3332,3449
4056,2017,pac_twelve,123,3333,3143
4057,2017,big_ten,123,3345,3231
4058,2017,maac,123,3346,3145
4059,2017,maac,123,3351,3284
4060,2017,aac,123,3374,3187
4061,2017,sec,123,3376,3208
4062,2017,a_ten,123,3386,3247
4063,2017,a_ten,123,3387,3200
4064,2017,pac_twelve,123,3390,3450
4065,2017,a_sun,123,3391,3367
4066,2017,sec,123,3401,3281
4067,2017,big_twelve,123,3403,3395
4068,2017,aac,123,3409,3272
4069,2017,pac_twelve,123,3417,3113
4070,2017,horizon,123,3434,3464
4071,2017,aec,124,3107,3436
4072,2017,big_twelve,124,3124,3403
4073,2017,ovc,124,3125,3184
4074,2017,big_east,124,3139,3462
4075,2017,aac,124,3163,3409
4076,2017,a_ten,124,3173,3387
4077,2017,acc,124,3181,3274
4078,2017,a_ten,124,3182,3386
4079,2017,maac,124,3193,3265
4080,2017,aec,124,3216,3420
4081,2017,maac,124,3233,3373
4082,2017,summit,124,3237,3295
4083,2017,big_twelve,124,3243,3235
4084,2017,patriot,124,3248,3221
4085,2017,patriot,124,3259,3250
4086,2017,aec,124,3263,3127
4087,2017,big_ten,124,3268,3277
4088,2017,sec,124,3280,3401
4089,2017,aec,124,3306,3392
4090,2017,acc,124,3323,3257
4091,2017,pac_twelve,124,3333,3417
4092,2017,big_ten,124,3345,3326
4093,2017,big_east,124,3371,3344
4094,2017,sec,124,3376,3246
4095,2017,aac,124,3378,3374
4096,2017,pac_twelve,124,3390,3332
4097,2017,aac,124,3396,3222
4098,2017,big_twelve,124,3400,3329
4099,2017,aac,124,3416,3408
4100,2017,summit,124,3442,3176
4101,2017,big_twelve,124,3452,3328
4102,2017,horizon,124,3453,3434
4103,2017,horizon,124,3460,3227
4104,2017,aec,125,3107,3216
4105,2017,big_twelve,125,3124,3243
4106,2017,nec,125,3136,3291
4107,2017,nec,125,3148,3384
4108,2017,southern,125,3151,3273
4109,2017,aac,125,3163,3416
4110,2017,big_east,125,3166,3139
4111,2017,a_ten,125,3173,3182
4112,2017,big_east,125,3177,3371
4113,2017,horizon,125,3178,3156
4114,2017,aec,125,3263,3306
4115,2017,big_east,125,3266,3207
4116,2017,big_ten,125,3268,3345
4117,2017,summit,125,3303,3377
4118,2017,acc,125,3323,3181
4119,2017,maac,125,3346,3233
4120,2017,maac,125,3351,3193
4121,2017,nec,125,3352,3192
4122,2017,summit,125,3355,3331
4123,2017,nec,125,3357,3383
4124,2017,sec,125,3376,3280
4125,2017,aac,125,3378,3396
4126,2017,big_east,125,3385,3437
4127,2017,pac_twelve,125,3390,3333
4128,2017,big_twelve,125,3452,3400
4129,2017,horizon,125,3454,3324
4130,2017,patriot,126,3110,3131
4131,2017,patriot,126,3119,3159
4132,2017,patriot,126,3137,3259
4133,2017,mac,126,3138,3132
4134,2017,aac,126,3163,3378
4135,2017,big_east,126,3177,3385
4136,2017,horizon,126,3178,3460
4137,2017,meac,126,3197,3354
4138,2017,mwc,126,3201,3305
4139,2017,wcc,126,3211,3362
4140,2017,big_sky,126,3225,3381
4141,2017,big_sky,126,3226,3285
4142,2017,summit,126,3237,3355
4143,2017,big_east,126,3266,3166
4144,2017,meac,126,3271,3164
4145,2017,patriot,126,3298,3248
4146,2017,meac,126,3313,3175
4147,2017,mac,126,3325,3185
4148,2017,big_sky,126,3340,3319
4149,2017,maac,126,3346,3351
4150,2017,mwc,126,3363,3361
4151,2017,wcc,126,3388,3140
4152,2017,mac,126,3405,3103
4153,2017,mwc,126,3429,3102
4154,2017,summit,126,3442,3303
4155,2017,mac,126,3444,3275
4156,2017,big_sky,126,3451,3170
4157,2017,big_twelve,126,3452,3124
4158,2017,horizon,126,3453,3454
4159,2017,swac,127,3106,3115
4160,2017,sun_belt,127,3111,3157
4161,2017,sun_belt,127,3117,3204
4162,2017,mwc,127,3129,3307
4163,2017,mwc,127,3161,3363
4164,2017,mwc,127,3201,3461
4165,2017,wcc,127,3211,3388
4166,2017,swac,127,3212,3290
4167,2017,big_west,127,3218,3142
4168,2017,big_east,127,3266,3177
4169,2017,meac,127,3299,3300
4170,2017,meac,127,3366,3288
4171,2017,sun_belt,127,3375,3209
4172,2017,swac,127,3380,3108
4173,2017,swac,127,3411,3341
4174,2017,big_west,127,3415,3414
4175,2017,sun_belt,127,3418,3419
4176,2017,mwc,127,3424,3429
4177,2017,summit,127,3442,3237
4178,2017,horizon,127,3453,3178
4179,2017,meac,128,3126,3366
4180,2017,mwc,128,3129,3161
4181,2017,nec,128,3136,3357
4182,2017,mac,128,3138,3123
4183,2017,cusa,128,3150,3267
4184,2017,big_west,128,3169,3218
4185,2017,big_sky,128,3186,3225
4186,2017,a_sun,128,3195,3239
4187,2017,mwc,128,3201,3424
4188,2017,caa,128,3220,3406
4189,2017,big_sky,128,3226,3294
4190,2017,wac,128,3282,3410
4191,2017,big_sky,128,3286,3451
4192,2017,mac,128,3296,3325
4193,2017,meac,128,3299,3224
4194,2017,cusa,128,3317,3412
4195,2017,cusa,128,3330,3431
4196,2017,big_sky,128,3340,3315
4197,2017,cusa,128,3349,3427
4198,2017,nec,128,3352,3148
4199,2017,big_west,128,3364,3415
4200,2017,wac,128,3370,3152
4201,2017,a_sun,128,3391,3244
4202,2017,mac,128,3405,3245
4203,2017,caa,128,3423,3158
4204,2017,wac,128,3430,3167
4205,2017,mac,128,3444,3141
4206,2017,sun_belt,129,3114,3111
4207,2017,mvc,129,3133,3260
4208,2017,caa,129,3180,3318
4209,2017,caa,129,3189,3220
4210,2017,meac,129,3197,3313
4211,2017,big_south,129,3205,3457
4212,2017,meac,129,3214,3271
4213,2017,mvc,129,3229,3232
4214,2017,caa,129,3241,3423
4215,2017,cusa,129,3256,3150
4216,2017,southland,129,3270,3311
4217,2017,cusa,129,3292,3349
4218,2017,cusa,129,3379,3330
4219,2017,southland,129,3394,3322
4220,2017,sun_belt,129,3407,3117
4221,2017,sun_belt,129,3418,3402
4222,2017,big_south,129,3421,3255
4223,2017,sun_belt,129,3426,3375
4224,2017,cusa,129,3443,3317
4225,2017,caa,129,3456,3174
4226,2017,aec,130,3107,3263
4227,2017,meac,130,3126,3197
4228,2017,mwc,130,3129,3201
4229,2017,patriot,130,3137,3110
4230,2017,big_south,130,3149,3251
4231,2017,mvc,130,3179,3229
4232,2017,caa,130,3189,3456
4233,2017,mvc,130,3191,3283
4234,2017,swac,130,3212,3380
4235,2017,meac,130,3214,3299
4236,2017,big_sky,130,3226,3340
4237,2017,caa,130,3241,3180
4238,2017,big_west,130,3253,3169
4239,2017,big_sky,130,3286,3186
4240,2017,mac,130,3296,3444
4241,2017,patriot,130,3298,3119
4242,2017,wac,130,3308,3282
4243,2017,mvc,130,3320,3133
4244,2017,big_south,130,3342,3219
4245,2017,big_south,130,3347,3205
4246,2017,big_west,130,3364,3413
4247,2017,wac,130,3370,3430
4248,2017,southland,130,3372,3270
4249,2017,cusa,130,3379,3292
4250,2017,southland,130,3394,3309
4251,2017,mac,130,3405,3138
4252,2017,swac,130,3411,3106
4253,2017,big_south,130,3421,3144
4254,2017,cusa,130,3443,3256
4255,2017,mvc,130,3455,3356
4256,2017,southland,131,3146,3394
4257,2017,mvc,131,3179,3455
4258,2017,caa,131,3189,3241
4259,2017,meac,131,3214,3126
4260,2017,big_west,131,3253,3364
4261,2017,big_sky,131,3286,3226
4262,2017,wac,131,3308,3370
4263,2017,mvc,131,3320,3191
4264,2017,ivy,131,3335,3135
4265,2017,ivy,131,3343,3217
4266,2017,big_south,131,3347,3149
4267,2017,southland,131,3372,3249
4268,2017,mac,131,3405,3296
4269,2017,sun_belt,131,3407,3426
4270,2017,swac,131,3411,3212
4271,2017,sun_belt,131,3418,3114
4272,2017,big_south,131,3421,3342
4273,2017,cusa,131,3443,3379
4274,2017,patriot,132,3137,3298
4275,2017,southland,132,3146,3372
4276,2017,mvc,132,3179,3320
4277,2017,a_sun,132,3195,3391
4278,2017,ivy,132,3335,3343
4279,2017,nec,132,3352,3136
4280,2017,sun_belt,132,3407,3418
4281,2017,big_south,132,3421,3347
4282,2018,a_ten,120,3200,3348
4283,2018,a_ten,120,3203,3247
4284,2018,a_ten,120,3206,3382
4285,2018,a_ten,120,3350,3172
4286,2018,a_ten,120,3386,3433
4287,2018,a_ten,120,3387,3269
4288,2018,sec,121,3116,3435
4289,2018,ovc,121,3125,3293
4290,2018,acc,121,3210,3155
4291,2018,sec,121,3279,3196
4292,2018,acc,121,3314,3130
4293,2018,big_ten,121,3321,3458
4294,2018,big_ten,121,3336,3228
4295,2018,ovc,121,3404,3369
4296,2018,aec,121,3420,3262
4297,2018,acc,121,3448,3338
4298,2018,pac_twelve,122,3113,3112
4299,2018,pac_twelve,122,3143,3449
4300,2018,pac_twelve,122,3160,3428
4301,2018,ovc,122,3188,3122
4302,2018,southern,122,3190,3459
4303,2018,big_ten,122,3231,3277
4304,2018,big_ten,122,3234,3321
4305,2018,ovc,122,3240,3287
4306,2018,sec,122,3246,3104
4307,2018,maac,122,3264,3233
4308,2018,southern,122,3273,3441
4309,2018,acc,122,3274,3448
4310,2018,big_ten,122,3276,3336
4311,2018,sec,122,3281,3279
4312,2018,maac,122,3284,3145
4313,2018,acc,122,3301,3314
4314,2018,maac,122,3310,3389
4315,2018,wcc,122,3334,3339
4316,2018,wcc,122,3337,3365
4317,2018,big_ten,122,3353,3345
4318,2018,southern,122,3359,3202
4319,2018,wcc,122,3360,3140
4320,2018,wcc,122,3362,3258
4321,2018,sec,122,3397,3120
4322,2018,sec,122,3401,3116
4323,2018,southern,122,3422,3151
4324,2018,pac_twelve,122,3425,3450
4325,2018,acc,122,3438,3210
4326,2018,acc,122,3439,3393
4327,2018,pac_twelve,123,3113,3333
4328,2018,ovc,123,3125,3240
4329,2018,a_ten,123,3173,3350
4330,2018,southern,123,3190,3422
4331,2018,a_sun,123,3195,3312
4332,2018,acc,123,3199,3274
4333,2018,a_ten,123,3203,3206
4334,2018,sec,123,3208,3281
4335,2018,wcc,123,3211,3337
4336,2018,big_twelve,123,3235,3403
4337,2018,a_sun,123,3239,3244
4338,2018,big_twelve,123,3243,3242
4339,2018,a_sun,123,3252,3367
4340,2018,acc,123,3257,3439
4341,2018,maac,123,3265,3264
4342,2018,big_ten,123,3268,3231
4343,2018,southern,123,3273,3359
4344,2018,big_ten,123,3278,3234
4345,2018,sec,123,3280,3246
4346,2018,horizon,123,3297,3178
4347,2018,acc,123,3301,3181
4348,2018,big_ten,123,3304,3276
4349,2018,a_sun,123,3316,3391
4350,2018,acc,123,3323,3438
4351,2018,horizon,123,3324,3227
4352,2018,big_ten,123,3326,3353
4353,2018,pac_twelve,123,3332,3160
4354,2018,wcc,123,3334,3388
4355,2018,maac,123,3346,3284
4356,2018,sec,123,3376,3397
4357,2018,a_ten,123,3386,3200
4358,2018,a_ten,123,3387,3182
4359,2018,pac_twelve,123,3390,3425
4360,2018,sec,123,3401,3261
4361,2018,ovc,123,3404,3188
4362,2018,pac_twelve,123,3417,3143
4363,2018,aec,124,3107,3436
4364,2018,big_twelve,124,3124,3243
4365,2018,ovc,124,3125,3404
4366,2018,big_east,124,3139,3344
4367,2018,aac,124,3187,3374
4368,2018,a_ten,124,3203,3173
4369,2018,aec,124,3216,3127
4370,2018,patriot,124,3221,3159
4371,2018,horizon,124,3237,3324
4372,2018,patriot,124,3248,3131
4373,2018,acc,124,3257,3301
4374,2018,aec,124,3263,3420
4375,2018,big_ten,124,3268,3304
4376,2018,sec,124,3280,3401
4377,2018,aec,124,3306,3392
4378,2018,acc,124,3323,3199
4379,2018,big_ten,124,3326,3278
4380,2018,pac_twelve,124,3332,3417
4381,2018,maac,124,3351,3193
4382,2018,summit,124,3355,3295
4383,2018,big_east,124,3371,3462
4384,2018,maac,124,3373,3310
4385,2018,sec,124,3376,3208
4386,2018,summit,124,3377,3236
4387,2018,a_ten,124,3386,3387
4388,2018,pac_twelve,124,3390,3113
4389,2018,big_twelve,124,3395,3328
4390,2018,aac,124,3396,3455
4391,2018,big_twelve,124,3400,3235
4392,2018,aac,124,3408,3272
4393,2018,aac,124,3409,3222
4394,2018,big_twelve,124,3452,3329
4395,2018,horizon,124,3453,3297
4396,2018,big_twelve,125,3124,3395
4397,2018,aac,125,3153,3409
4398,2018,aac,125,3163,3408
4399,2018,big_east,125,3166,3385
4400,2018,big_east,125,3177,3371
4401,2018,a_ten,125,3203,3386
4402,2018,big_east,125,3207,3437
4403,2018,aec,125,3216,3107
4404,2018,acc,125,3257,3323
4405,2018,aec,125,3263,3306
4406,2018,maac,125,3265,3373
4407,2018,big_east,125,3266,3139
4408,2018,southern,125,3273,3190
4409,2018,big_ten,125,3326,3268
4410,2018,summit,125,3331,3176
4411,2018,pac_twelve,125,3332,3390
4412,2018,maac,125,3346,3351
4413,2018,sec,125,3376,3280
4414,2018,aac,125,3378,3187
4415,2018,big_twelve,125,3400,3452
4416,2018,aac,125,3416,3396
4417,2018,summit,125,3442,3303
4418,2018,horizon,125,3460,3156
4419,2018,horizon,125,3464,3454
4420,2018,mwc,126,3102,3429
4421,2018,patriot,126,3110,3248
4422,2018,patriot,126,3119,3250
4423,2018,big_twelve,126,3124,3400
4424,2018,patriot,126,3137,3221
4425,2018,aac,126,3163,3153
4426,2018,big_east,126,3177,3207
4427,2018,mac,126,3185,3296
4428,2018,meac,126,3197,3224
4429,2018,wcc,126,3211,3362
4430,2018,big_sky,126,3226,3381
4431,2018,mac,126,3245,3405
4432,2018,big_east,126,3266,3166
4433,2018,big_sky,126,3285,3170
4434,2018,big_sky,126,3286,3315
4435,2018,meac,126,3288,3164
4436,2018,patriot,126,3298,3259
4437,2018,mwc,126,3305,3361
4438,2018,mwc,126,3307,3363
4439,2018,mac,126,3325,3103
4440,2018,big_sky,126,3340,3319
4441,2018,maac,126,3346,3265
4442,2018,summit,126,3355,3442
4443,2018,wcc,126,3360,3334
4444,2018,meac,126,3366,3313
4445,2018,summit,126,3377,3331
4446,2018,aac,126,3378,3416
4447,2018,mac,126,3444,3132
4448,2018,horizon,126,3453,3464
4449,2018,horizon,126,3460,3237
4450,2018,sun_belt,127,3111,3117
4451,2018,mwc,127,3129,3102
4452,2018,sun_belt,127,3157,3209
4453,2018,mwc,127,3161,3201
4454,2018,aac,127,3163,3378
4455,2018,big_west,127,3169,3218
4456,2018,big_east,127,3177,3266
4457,2018,wcc,127,3211,3360
4458,2018,swac,127,3212,3108
4459,2018,meac,127,3271,3175
4460,2018,mwc,127,3305,3424
4461,2018,swac,127,3341,3238
4462,2018,meac,127,3354,3300
4463,2018,summit,127,3355,3377
4464,2018,sun_belt,127,3375,3419
4465,2018,swac,127,3380,3115
4466,2018,swac,127,3411,3106
4467,2018,big_west,127,3415,3253
4468,2018,sun_belt,127,3418,3204
4469,2018,horizon,127,3453,3460
4470,2018,mwc,127,3461,3307
4471,2018,meac,128,3126,3271
4472,2018,mwc,128,3129,3161
4473,2018,mac,128,3138,3245
4474,2018,mac,128,3141,3185
4475,2018,caa,128,3158,3220
4476,2018,wac,128,3167,3410
4477,2018,big_west,128,3169,3364
4478,2018,a_sun,128,3195,3252
4479,2018,wac,128,3213,3430
4480,2018,big_sky,128,3225,3286
4481,2018,big_sky,128,3226,3451
4482,2018,a_sun,128,3239,3316
4483,2018,nec,128,3254,3383
4484,2018,mac,128,3275,3325
4485,2018,big_sky,128,3294,3285
4486,2018,meac,128,3299,3354
4487,2018,mwc,128,3305,3461
4488,2018,wac,128,3308,3152
4489,2018,cusa,128,3317,3150
4490,2018,big_sky,128,3340,3186
4491,2018,cusa,128,3349,3330
4492,2018,nec,128,3352,3148
4493,2018,nec,128,3357,3136
4494,2018,wac,128,3370,3282
4495,2018,nec,128,3384,3192
4496,2018,big_west,128,3415,3414
4497,2018,caa,128,3423,3406
4498,2018,cusa,128,3427,3194
4499,2018,cusa,128,3431,3379
4500,2018,mac,128,3444,3123
4501,2018,southland,129,3101,3309
4502,2018,patriot,129,3110,3119
4503,2018,sun_belt,129,3114,3111
4504,2018,mvc,129,3133,3191
4505,2018,big_south,129,3149,3255
4506,2018,caa,129,3174,3318
4507,2018,caa,129,3180,3423
4508,2018,caa,129,3189,3456
4509,2018,meac,129,3197,3366
4510,2018,big_south,129,3205,3457
4511,2018,meac,129,3214,3288
4512,2018,caa,129,3241,3158
4513,2018,patriot,129,3298,3137
4514,2018,cusa,129,3317,3256
4515,2018,cusa,129,3349,3292
4516,2018,nec,129,3352,3254
4517,2018,nec,129,3384,3357
4518,2018,southland,129,3394,3270
4519,2018,sun_belt,129,3402,3157
4520,2018,sun_belt,129,3407,3375
4521,2018,cusa,129,3412,3431
4522,2018,sun_belt,129,3418,3426
4523,2018,mvc,129,3434,3260
4524,2018,cusa,129,3443,3427
4525,2018,mwc,130,3129,3305
4526,2018,mac,130,3138,3444
4527,2018,mac,130,3141,3275
4528,2018,southland,130,3146,3101
4529,2018,wac,130,3167,3213
4530,2018,big_west,130,3169,3142
4531,2018,mvc,130,3179,3434
4532,2018,caa,130,3180,3174
4533,2018,caa,130,3189,3241
4534,2018,swac,130,3212,3411
4535,2018,meac,130,3214,3126
4536,2018,big_south,130,3219,3342
4537,2018,big_sky,130,3225,3340
4538,2018,big_south,130,3251,3149
4539,2018,aec,130,3263,3216
4540,2018,mvc,130,3283,3133
4541,2018,big_sky,130,3294,3226
4542,2018,meac,130,3299,3197
4543,2018,southland,130,3311,3394
4544,2018,mvc,130,3320,3229
4545,2018,big_south,130,3347,3205
4546,2018,mvc,130,3356,3232
4547,2018,wac,130,3370,3308
4548,2018,swac,130,3380,3341
4549,2018,cusa,130,3412,3349
4550,2018,big_west,130,3413,3415
4551,2018,big_south,130,3421,3144
4552,2018,cusa,130,3443,3317
4553,2018,sun_belt,131,3114,3407
4554,2018,mac,131,3141,3138
4555,2018,big_west,131,3169,3413
4556,2018,mvc,131,3179,3356
4557,2018,caa,131,3189,3180
4558,2018,swac,131,3212,3380
4559,2018,big_south,131,3251,3219
4560,2018,big_sky,131,3294,3225
4561,2018,meac,131,3299,3214
4562,2018,southland,131,3311,3249
4563,2018,mvc,131,3320,3283
4564,2018,ivy,131,3335,3217
4565,2018,ivy,131,3343,3463
4566,2018,wac,131,3370,3167
4567,2018,southland,131,3372,3146
4568,2018,sun_belt,131,3402,3418
4569,2018,big_south,131,3421,3347
4570,2018,cusa,131,3443,3412
4571,2018,patriot,132,3110,3298
4572,2018,sun_belt,132,3114,3402
4573,2018,mvc,132,3179,3320
4574,2018,a_sun,132,3195,3239
4575,2018,big_south,132,3251,3421
4576,2018,southland,132,3311,3372
4577,2018,ivy,132,3343,3335
4578,2018,nec,132,3384,3352
4579,2019,a_ten,120,3172,3382
4580,2019,a_ten,120,3173,3247
4581,2019,a_ten,120,3182,3348
4582,2019,horizon,120,3237,3297
4583,2019,a_ten,120,3269,3206
4584,2019,a_ten,120,3386,3203
4585,2019,a_ten,120,3387,3350
4586,2019,horizon,120,3460,3324
4587,2019,sec,121,3104,3435
4588,2019,aec,121,3107,3127
4589,2019,ovc,121,3125,3369
4590,2019,acc,121,3181,3338
4591,2019,sec,121,3196,3279
4592,2019,aec,121,3216,3420
4593,2019,aec,121,3263,3306
4594,2019,ovc,121,3287,3240
4595,2019,big_ten,121,3345,3228
4596,2019,aec,121,3392,3436
4597,2019,acc,121,3438,3130
4598,2019,acc,121,3439,3448
4599,2019,horizon,121,3453,3156
4600,2019,big_ten,121,3458,3336
4601,2019,horizon,121,3464,3454
4602,2019,pac_twelve,122,3112,3425
4603,2019,pac_twelve,122,3113,3160
4604,2019,sec,122,3116,3208
4605,2019,sec,122,3120,3104
4606,2019,pac_twelve,122,3143,3450
4607,2019,southern,122,3151,3422
4608,2019,acc,122,3155,3439
4609,2019,maac,122,3193,3310
4610,2019,acc,122,3199,3181
4611,2019,southern,122,3202,3359
4612,2019,big_ten,122,3231,3278
4613,2019,maac,122,3233,3373
4614,2019,maac,122,3264,3389
4615,2019,southern,122,3273,3441
4616,2019,big_ten,122,3277,3321
4617,2019,sec,122,3281,3196
4618,2019,acc,122,3314,3210
4619,2019,big_ten,122,3345,3304
4620,2019,wcc,122,3362,3339
4621,2019,wcc,122,3365,3360
4622,2019,acc,122,3393,3438
4623,2019,sec,122,3397,3261
4624,2019,ovc,122,3399,3122
4625,2019,ovc,122,3404,3293
4626,2019,pac_twelve,122,3449,3428
4627,2019,big_ten,122,3458,3326
4628,2019,southern,122,3459,3190
4629,2019,sec,123,3116,3376
4630,2019,ovc,123,3125,3399
4631,2019,a_ten,123,3173,3172
4632,2019,a_ten,123,3182,3387
4633,2019,aac,123,3187,3374
4634,2019,a_sun,123,3195,3312
4635,2019,a_ten,123,3200,3269
4636,2019,southern,123,3202,3151
4637,2019,big_ten,123,3234,3231
4638,2019,big_twelve,123,3242,3329
4639,2019,a_sun,123,3244,3391
4640,2019,a_sun,123,3251,3239
4641,2019,acc,123,3257,3155
4642,2019,wcc,123,3258,3362
4643,2019,big_ten,123,3268,3277
4644,2019,aac,123,3272,3396
4645,2019,southern,123,3273,3459
4646,2019,big_ten,123,3276,3458
4647,2019,sec,123,3280,3397
4648,2019,sec,123,3281,3246
4649,2019,acc,123,3301,3199
4650,2019,a_sun,123,3316,3466
4651,2019,acc,123,3323,3314
4652,2019,pac_twelve,123,3332,3112
4653,2019,wcc,123,3334,3365
4654,2019,maac,123,3346,3193
4655,2019,maac,123,3351,3233
4656,2019,big_ten,123,3353,3345
4657,2019,aac,123,3378,3408
4658,2019,pac_twelve,123,3390,3143
4659,2019,acc,123,3393,3274
4660,2019,sec,123,3401,3120
4661,2019,big_twelve,123,3403,3328
4662,2019,ovc,123,3404,3287
4663,2019,aac,123,3409,3455
4664,2019,pac_twelve,123,3417,3113
4665,2019,a_ten,123,3433,3386
4666,2019,pac_twelve,123,3449,3333
4667,2019,sec,124,3116,3401
4668,2019,big_twelve,124,3124,3403
4669,2019,ovc,124,3125,3404
4670,2019,aac,124,3153,3272
4671,2019,aac,124,3163,3187
4672,2019,a_ten,124,3200,3182
4673,2019,big_ten,124,3234,3353
4674,2019,big_twelve,124,3235,3242
4675,2019,big_twelve,124,3243,3452
4676,2019,patriot,124,3248,3119
4677,2019,acc,124,3257,3301
4678,2019,patriot,124,3259,3298
4679,2019,maac,124,3265,3264
4680,2019,big_ten,124,3268,3276
4681,2019,sec,124,3280,3281
4682,2019,maac,124,3284,3145
4683,2019,acc,124,3323,3393
4684,2019,pac_twelve,124,3332,3417
4685,2019,wcc,124,3337,3334
4686,2019,big_east,124,3344,3462
4687,2019,summit,124,3355,3236
4688,2019,summit,124,3377,3295
4689,2019,aac,124,3378,3222
4690,2019,big_east,124,3385,3371
4691,2019,wcc,124,3388,3258
4692,2019,pac_twelve,124,3390,3449
4693,2019,big_twelve,124,3400,3395
4694,2019,aac,124,3416,3409
4695,2019,a_ten,124,3433,3173
4696,2019,big_twelve,125,3124,3243
4697,2019,aac,125,3163,3378
4698,2019,big_east,125,3166,3139
4699,2019,big_east,125,3177,3344
4700,2019,a_ten,125,3200,3433
4701,2019,big_east,125,3207,3437
4702,2019,aec,125,3216,3392
4703,2019,big_ten,125,3234,3268
4704,2019,big_twelve,125,3235,3400
4705,2019,aec,125,3263,3107
4706,2019,maac,125,3265,3351
4707,2019,big_east,125,3266,3385
4708,2019,southern,125,3273,3202
4709,2019,sec,125,3280,3116
4710,2019,mwc,125,3305,3363
4711,2019,summit,125,3315,3176
4712,2019,acc,125,3323,3257
4713,2019,summit,125,3331,3442
4714,2019,maac,125,3346,3284
4715,2019,mwc,125,3361,3102
4716,2019,pac_twelve,125,3390,3332
4717,2019,aac,125,3416,3153
4718,2019,mwc,125,3429,3161
4719,2019,patriot,126,3110,3248
4720,2019,big_twelve,126,3124,3235
4721,2019,mwc,126,3129,3305
4722,2019,patriot,126,3137,3259
4723,2019,wcc,126,3140,3337
4724,2019,sun_belt,126,3157,3117
4725,2019,aac,126,3163,3416
4726,2019,meac,126,3164,3288
4727,2019,big_east,126,3177,3166
4728,2019,mac,126,3185,3103
4729,2019,big_sky,126,3186,3451
4730,2019,mwc,126,3201,3424
4731,2019,wcc,126,3211,3388
4732,2019,patriot,126,3221,3131
4733,2019,meac,126,3224,3197
4734,2019,mac,126,3245,3132
4735,2019,patriot,126,3250,3159
4736,2019,big_east,126,3266,3207
4737,2019,nec,126,3291,3383
4738,2019,mac,126,3296,3444
4739,2019,big_sky,126,3319,3170
4740,2019,maac,126,3346,3265
4741,2019,nec,126,3352,3192
4742,2019,summit,126,3355,3331
4743,2019,nec,126,3357,3447
4744,2019,mwc,126,3361,3307
4745,2019,sun_belt,126,3375,3418
4746,2019,summit,126,3377,3315
4747,2019,big_sky,126,3381,3285
4748,2019,nec,126,3384,3136
4749,2019,mac,126,3405,3123
4750,2019,horizon,126,3453,3464
4751,2019,horizon,126,3460,3237
4752,2019,mwc,126,3461,3429
4753,2019,mwc,127,3129,3201
4754,2019,wcc,127,3140,3211
4755,2019,big_south,127,3144,3255
4756,2019,big_south,127,3149,3367
4757,2019,big_east,127,3177,3266
4758,2019,big_sky,127,3186,3226
4759,2019,swac,127,3212,3411
4760,2019,big_sky,127,3225,3319
4761,2019,swac,127,3238,3106
4762,2019,big_west,127,3253,3168
4763,2019,big_sky,127,3294,3381
4764,2019,meac,127,3300,3175
4765,2019,big_sky,127,3340,3286
4766,2019,swac,127,3341,3105
4767,2019,big_south,127,3342,3457
4768,2019,meac,127,3354,3366
4769,2019,summit,127,3355,3377
4770,2019,swac,127,3380,3290
4771,2019,big_west,127,3414,3364
4772,2019,horizon,127,3460,3453
4773,2019,mwc,127,3461,3361
4774,2019,sun_belt,128,3111,3157
4775,2019,mwc,128,3129,3461
4776,2019,mac,128,3138,3245
4777,2019,mac,128,3141,3185
4778,2019,cusa,128,3150,3256
4779,2019,wac,128,3167,3213
4780,2019,big_sky,128,3186,3294
4781,2019,a_sun,128,3195,3244
4782,2019,caa,128,3220,3189
4783,2019,a_sun,128,3251,3316
4784,2019,meac,128,3271,3354
4785,2019,mac,128,3275,3405
4786,2019,wac,128,3282,3430
4787,2019,meac,128,3299,3300
4788,2019,wac,128,3308,3152
4789,2019,cusa,128,3317,3379
4790,2019,mac,128,3325,3296
4791,2019,cusa,128,3330,3194
4792,2019,big_sky,128,3340,3225
4793,2019,sun_belt,128,3375,3402
4794,2019,wac,128,3410,3370
4795,2019,big_west,128,3414,3169
4796,2019,big_west,128,3415,3253
4797,2019,cusa,128,3431,3267
4798,2019,caa,128,3456,3158
4799,2019,patriot,129,3110,3250
4800,2019,sun_belt,129,3111,3209
4801,2019,meac,129,3126,3164
4802,2019,patriot,129,3137,3221
4803,2019,big_south,129,3144,3214
4804,2019,southland,129,3146,3358
4805,2019,big_south,129,3149,3219
4806,2019,caa,129,3180,3456
4807,2019,caa,129,3220,3241
4808,2019,mvc,129,3260,3191
4809,2019,cusa,129,3292,3431
4810,2019,meac,129,3313,3224
4811,2019,caa,129,3318,3423
4812,2019,big_south,129,3347,3342
4813,2019,cusa,129,3349,3317
4814,2019,nec,129,3352,3291
4815,2019,sun_belt,129,3375,3407
4816,2019,nec,129,3384,3357
4817,2019,southland,129,3394,3309
4818,2019,caa,129,3406,3174
4819,2019,cusa,129,3412,3150
4820,2019,big_south,129,3421,3205
4821,2019,mvc,129,3434,3232
4822,2019,cusa,129,3443,3330
4823,2019,southland,130,3101,3146
4824,2019,sun_belt,130,3114,3111
4825,2019,meac,130,3126,3271
4826,2019,mac,130,3138,3141
4827,2019,big_south,130,3144,3149
4828,2019,mvc,130,3179,3434
4829,2019,caa,130,3180,3318
4830,2019,big_west,130,3218,3415
4831,2019,mvc,130,3229,3133
4832,2019,swac,130,3238,3341
4833,2019,aec,130,3263,3216
4834,2019,mvc,130,3283,3260
4835,2019,cusa,130,3292,3412
4836,2019,wac,130,3308,3282
4837,2019,meac,130,3313,3299
4838,2019,mvc,130,3320,3356
4839,2019,mac,130,3325,3275
4840,2019,big_sky,130,3340,3186
4841,2019,big_south,130,3347,3421
4842,2019,cusa,130,3349,3443
4843,2019,sun_belt,130,3375,3426
4844,2019,swac,130,3380,3212
4845,2019,southland,130,3394,3311
4846,2019,caa,130,3406,3220
4847,2019,wac,130,3410,3167
4848,2019,big_west,130,3413,3414
4849,2019,southland,131,3101,3249
4850,2019,sun_belt,131,3114,3375
4851,2019,meac,131,3126,3313
4852,2019,mac,131,3138,3325
4853,2019,mvc,131,3179,3229
4854,2019,mvc,131,3283,3320
4855,2019,wac,131,3308,3410
4856,2019,ivy,131,3335,3217
4857,2019,ivy,131,3343,3165
4858,2019,cusa,131,3349,3292
4859,2019,swac,131,3380,3238
4860,2019,southland,131,3394,3372
4861,2019,caa,131,3406,3180
4862,2019,big_west,131,3413,3218
4863,2019,southland,132,3101,3394
4864,2019,patriot,132,3137,3110
4865,2019,a_sun,132,3195,3251
4866,2019,mvc,132,3283,3179
4867,2019,ivy,132,3343,3335
4868,2019,big_south,132,3347,3144
4869,2019,nec,132,3352,3384
4870,2020,mwc,118,3102,3161
4871,2020,mwc,118,3305,3307
4872,2020,mwc,118,3429,3361
4873,2020,mwc,119,3129,3102
4874,2020,mwc,119,3201,3305
4875,2020,mwc,119,3363,3424
4876,2020,mwc,119,3461,3429
4877,2020,mwc,120,3129,3461
4878,2020,a_ten,120,3172,3247
4879,2020,a_ten,120,3182,3348
4880,2020,a_ten,120,3200,3386
4881,2020,mwc,120,3201,3363
4882,2020,a_ten,120,3269,3382
4883,2020,a_ten,120,3350,3203
4884,2020,a_ten,120,3387,3206
4885,2020,sec,121,3120,3435
4886,2020,ovc,121,3125,3122
4887,2020,mwc,121,3129,3201
4888,2020,acc,121,3155,3274
4889,2020,ovc,121,3183,3240
4890,2020,big_ten,121,3278,3336
4891,2020,sec,121,3281,3279
4892,2020,acc,121,3338,3323
4893,2020,ovc,121,3404,3293
4894,2020,acc,121,3448,3314
4895,2020,big_ten,121,3458,3228
4896,2020,sec,122,3116,3120
4897,2020,acc,122,3130,3155
4898,2020,pac_twelve,122,3143,3113
4899,2020,southern,122,3202,3459
4900,2020,sec,122,3208,3104
4901,2020,acc,122,3210,3338
4902,2020,sec,122,3261,3196
4903,2020,southern,122,3273,3151
4904,2020,big_ten,122,3276,3304
4905,2020,big_ten,122,3326,3278
4906,2020,pac_twelve,122,3333,3450
4907,2020,big_ten,122,3345,3277
4908,2020,big_ten,122,3353,3458
4909,2020,southern,122,3359,3441
4910,2020,wcc,122,3365,3362
4911,2020,ovc,122,3369,3399
4912,2020,wcc,122,3388,3258
4913,2020,acc,122,3393,3438
4914,2020,sec,122,3397,3281
4915,2020,southern,122,3422,3190
4916,2020,pac_twelve,122,3425,3160
4917,2020,pac_twelve,122,3428,3449
4918,2020,acc,122,3448,3439
4919,2020,pac_twelve,123,3112,3143
4920,2020,sec,123,3116,3401
4921,2020,acc,123,3130,3181
4922,2020,a_ten,123,3173,3350
4923,2020,acc,123,3199,3448
4924,2020,a_ten,123,3200,3182
4925,2020,big_ten,123,3231,3353
4926,2020,sec,123,3246,3397
4927,2020,acc,123,3257,3393
4928,2020,big_ten,123,3268,3345
4929,2020,big_ten,123,3276,3321
4930,2020,sec,123,3280,3261
4931,2020,acc,123,3301,3210
4932,2020,big_ten,123,3326,3234
4933,2020,pac_twelve,123,3332,3428
4934,2020,wcc,123,3334,3365
4935,2020,wcc,123,3337,3388
4936,2020,big_east,123,3344,3207
4937,2020,southern,123,3359,3202
4938,2020,ovc,123,3369,3125
4939,2020,sec,123,3376,3208
4940,2020,a_ten,123,3387,3269
4941,2020,pac_twelve,123,3390,3333
4942,2020,ovc,123,3404,3183
4943,2020,pac_twelve,123,3417,3425
4944,2020,southern,123,3422,3273
4945,2020,a_ten,123,3433,3172
4946,2020,big_east,123,3437,3462
4947,2020,a_ten,124,3173,3387
4948,2020,big_east,124,3177,3344
4949,2020,acc,124,3199,3257
4950,2020,big_east,124,3266,3437
4951,2020,big_ten,124,3268,3231
4952,2020,sec,124,3280,3246
4953,2020,acc,124,3301,3130
4954,2020,big_ten,124,3326,3276
4955,2020,pac_twelve,124,3332,3112
4956,2020,wcc,124,3337,3140
4957,2020,wcc,124,3339,3334
4958,2020,summit,124,3355,3315
4959,2020,ovc,124,3369,3404
4960,2020,big_east,124,3371,3139
4961,2020,sec,124,3376,3116
4962,2020,summit,124,3377,3303
4963,2020,big_east,124,3385,3166
4964,2020,pac_twelve,124,3390,3417
4965,2020,a_ten,124,3433,3200
4966,2020,a_ten,125,3173,3433
4967,2020,big_east,125,3177,3371
4968,2020,big_east,125,3266,3385
4969,2020,big_ten,125,3268,3326
4970,2020,summit,125,3295,3176
4971,2020,acc,125,3301,3199
4972,2020,summit,125,3331,3442
4973,2020,pac_twelve,125,3332,3390
4974,2020,southern,125,3359,3422
4975,2020,sec,125,3376,3280
4976,2020,patriot,126,3131,3110
4977,2020,patriot,126,3137,3119
4978,2020,mac,126,3138,3275
4979,2020,aac,126,3163,3153
4980,2020,big_east,126,3177,3266
4981,2020,mac,126,3185,3296
4982,2020,nec,126,3192,3136
4983,2020,patriot,126,3221,3248
4984,2020,horizon,126,3237,3156
4985,2020,patriot,126,3250,3159
4986,2020,nec,126,3291,3254
4987,2020,big_sky,126,3294,3170
4988,2020,wcc,126,3339,3211
4989,2020,big_sky,126,3340,3186
4990,2020,nec,126,3352,3447
4991,2020,summit,126,3355,3295
4992,2020,nec,126,3357,3384
4993,2020,wcc,126,3360,3337
4994,2020,summit,126,3377,3331
4995,2020,big_sky,126,3381,3451
4996,2020,mac,126,3405,3103
4997,2020,mac,126,3444,3132
4998,2020,horizon,126,3453,3297
4999,2020,swac,127,3105,3108
5000,2020,sun_belt,127,3114,3111
5001,2020,big_west,127,3142,3253
5002,2020,big_west,127,3168,3169
5003,2020,meac,127,3224,3354
5004,2020,big_sky,127,3225,3340
5005,2020,big_sky,127,3226,3381
5006,2020,horizon,127,3237,3453
5007,2020,swac,127,3238,3106
5008,2020,meac,127,3271,3164
5009,2020,maac,127,3284,3233
5010,2020,big_sky,127,3286,3294
5011,2020,maac,127,3310,3389
5012,2020,big_sky,127,3319,3285
5013,2020,wcc,127,3339,3360
5014,2020,big_south,127,3342,3255
5015,2020,big_south,127,3367,3457
5016,2020,maac,127,3373,3145
5017,2020,sun_belt,127,3375,3117
5018,2020,summit,127,3377,3355
5019,2020,swac,127,3380,3341
5020,2020,swac,127,3411,3115
5021,2020,sun_belt,127,3418,3204
5022,2020,big_south,127,3421,3149
5023,2020,sun_belt,127,3426,3402
5024,2020,big_west,128,3142,3414
5025,2020,cusa,128,3150,3317
5026,2020,mac,128,3185,3123
5027,2020,caa,128,3189,3220
5028,2020,a_sun,128,3195,3316
5029,2020,big_west,128,3218,3168
5030,2020,big_sky,128,3225,3226
5031,2020,mac,128,3245,3138
5032,2020,a_sun,128,3251,3466
5033,2020,cusa,128,3256,3412
5034,2020,maac,128,3265,3284
5035,2020,cusa,128,3267,3379
5036,2020,meac,128,3271,3126
5037,2020,wac,128,3282,3152
5038,2020,big_sky,128,3286,3319
5039,2020,wac,128,3308,3410
5040,2020,meac,128,3313,3224
5041,2020,mac,128,3325,3444
5042,2020,maac,128,3351,3310
5043,2020,wac,128,3370,3430
5044,2020,sun_belt,128,3375,3426
5045,2020,mac,128,3405,3141
5046,2020,sun_belt,128,3418,3114
5047,2020,caa,128,3423,3158
5048,2020,cusa,128,3431,3194
5049,2020,maac,129,3193,3373
5050,2020,meac,129,3288,3175
5051,2020,meac,129,3300,3299
5052,2021,horizon,115,3156,3227
5053,2021,horizon,115,3297,3352
5054,2021,horizon,115,3464,3236
5055,2021,aec,118,3107,3306
5056,2021,aec,118,3262,3312
5057,2021,horizon,120,3156,3453
5058,2021,horizon,120,3237,3324
5059,2021,horizon,120,3454,3464
5060,2021,horizon,120,3460,3297
5061,2021,ovc,121,3125,3122
5062,2021,acc,121,3130,3338
5063,2021,sec,121,3196,3120
5064,2021,pac_twelve,121,3333,3143
5065,2021,ovc,121,3404,3183
5066,2021,pac_twelve,121,3425,3113
5067,2021,pac_twelve,121,3449,3160
5068,2021,pac_twelve,121,3450,3428
5069,2021,sec,122,3104,3281
5070,2021,pac_twelve,122,3112,3450
5071,2021,acc,122,3155,3323
5072,2021,southern,122,3190,3359
5073,2021,southern,122,3202,3151
5074,2021,sec,122,3246,3196
5075,2021,wcc,122,3258,3337
5076,2021,sec,122,3261,3280
5077,2021,southern,122,3273,3441
5078,2021,sec,122,3279,3116
5079,2021,ovc,122,3293,3369
5080,2021,pac_twelve,122,3333,3332
5081,2021,pac_twelve,122,3390,3425
5082,2021,acc,122,3393,3130
5083,2021,ovc,122,3399,3240
5084,2021,pac_twelve,122,3417,3449
5085,2021,acc,122,3439,3274
5086,2021,acc,122,3448,3314
5087,2021,southern,122,3459,3422
5088,2021,sun_belt,123,3111,3419
5089,2021,sun_belt,123,3114,3157
5090,2021,ovc,123,3125,3293
5091,2021,big_east,123,3166,3207
5092,2021,sec,123,3208,3246
5093,2021,acc,123,3210,3155
5094,2021,acc,123,3257,3448
5095,2021,wcc,123,3258,3339
5096,2021,southern,123,3273,3202
5097,2021,acc,123,3301,3439
5098,2021,big_east,123,3344,3139
5099,2021,sun_belt,123,3375,3117
5100,2021,sec,123,3376,3104
5101,2021,big_east,123,3385,3462
5102,2021,wcc,123,3388,3334
5103,2021,pac_twelve,123,3390,3333
5104,2021,acc,123,3393,3199
5105,2021,sec,123,3397,3279
5106,2021,sec,123,3401,3261
5107,2021,sun_belt,123,3402,3204
5108,2021,ovc,123,3404,3399
5109,2021,pac_twelve,123,3417,3112
5110,2021,southern,123,3459,3190
5111,2021,sun_belt,124,3111,3426
5112,2021,sun_belt,124,3114,3209
5113,2021,ovc,124,3125,3404
5114,2021,big_east,124,3163,3385
5115,2021,big_east,124,3166,3371
5116,2021,sec,124,3208,3401
5117,2021,acc,124,3257,3393
5118,2021,big_east,124,3266,3344
5119,2021,acc,124,3301,3210
5120,2021,summit,124,3303,3355
5121,2021,wcc,124,3362,3388
5122,2021,wcc,124,3365,3258
5123,2021,big_south,124,3367,3149
5124,2021,sec,124,3376,3397
5125,2021,summit,124,3377,3331
5126,2021,sun_belt,124,3407,3402
5127,2021,sun_belt,124,3418,3375
5128,2021,big_east,124,3437,3177
5129,2021,mwc,125,3102,3361
5130,2021,patriot,125,3110,3119
5131,2021,patriot,125,3131,3248
5132,2021,patriot,125,3137,3259
5133,2021,big_east,125,3163,3437
5134,2021,patriot,125,3250,3221
5135,2021,aec,125,3263,3107
5136,2021,big_east,125,3266,3166
5137,2021,southern,125,3273,3459
5138,2021,summit,125,3295,3176
5139,2021,acc,125,3301,3257
5140,2021,sec,125,3376,3208
5141,2021,pac_twelve,125,3390,3417
5142,2021,aec,125,3392,3262
5143,2021,sun_belt,125,3407,3111
5144,2021,sun_belt,125,3418,3114
5145,2021,summit,125,3442,3282
5146,2021,mwc,125,3461,3429
5147,2021,mwc,126,3129,3161
5148,2021,wcc,126,3140,3362
5149,2021,big_south,126,3144,3457
5150,2021,aac,126,3153,3272
5151,2021,big_east,126,3163,3266
5152,2021,big_sky,126,3170,3285
5153,2021,mwc,126,3201,3305
5154,2021,big_south,126,3205,3342
5155,2021,wcc,126,3211,3365
5156,2021,big_south,126,3219,3367
5157,2021,horizon,126,3237,3454
5158,2021,big_south,126,3255,3421
5159,2021,summit,126,3303,3442
5160,2021,mwc,126,3307,3102
5161,2021,big_sky,126,3319,3451
5162,2021,big_sky,126,3340,3186
5163,2021,summit,126,3377,3295
5164,2021,sun_belt,126,3407,3418
5165,2021,aac,126,3455,3409
5166,2021,horizon,126,3460,3156
5167,2021,mwc,126,3461,3424
5168,2021,big_west,127,3168,3415
5169,2021,mwc,127,3201,3307
5170,2021,wcc,127,3211,3140
5171,2021,aac,127,3222,3187
5172,2021,big_sky,127,3225,3319
5173,2021,big_sky,127,3226,3340
5174,2021,big_ten,127,3228,3458
5175,2021,big_sky,127,3286,3170
5176,2021,big_sky,127,3294,3381
5177,2021,cusa,127,3330,3443
5178,2021,maac,127,3351,3284
5179,2021,maac,127,3373,3310
5180,2021,summit,127,3377,3303
5181,2021,aac,127,3378,3455
5182,2021,aac,127,3408,3396
5183,2021,cusa,127,3412,3427
5184,2021,aac,127,3416,3153
5185,2021,horizon,127,3460,3237
5186,2021,mwc,127,3461,3129
5187,2021,southland,128,3101,3230
5188,2021,swac,128,3106,3411
5189,2021,mac,128,3132,3185
5190,2021,mac,128,3138,3245
5191,2021,mac,128,3141,3296
5192,2021,big_west,128,3142,3253
5193,2021,a_ten,128,3172,3382
5194,2021,cusa,128,3194,3412
5195,2021,cusa,128,3198,3379
5196,2021,a_ten,128,3203,3206
5197,2021,wac,128,3213,3410
5198,2021,big_west,128,3218,3167
5199,2021,southland,128,3223,3270
5200,2021,big_sky,128,3225,3286
5201,2021,big_sky,128,3226,3294
5202,2021,big_ten,128,3234,3345
5203,2021,swac,128,3238,3290
5204,2021,a_sun,128,3239,3244
5205,2021,cusa,128,3256,3267
5206,2021,maac,128,3265,3373
5207,2021,big_ten,128,3277,3336
5208,2021,nec,128,3291,3192
5209,2021,big_ten,128,3304,3278
5210,2021,wac,128,3308,3370
5211,2021,big_ten,128,3321,3228
5212,2021,mac,128,3325,3123
5213,2021,cusa,128,3330,3317
5214,2021,maac,128,3351,3346
5215,2021,aac,128,3378,3408
5216,2021,big_west,128,3413,3168
5217,2021,big_west,128,3414,3364
5218,2021,aac,128,3416,3222
5219,2021,caa,128,3423,3158
5220,2021,wac,128,3430,3152
5221,2021,nec,128,3447,3384
5222,2021,mwc,128,3461,3201
5223,2021,patriot,129,3131,3110
5224,2021,big_south,129,3144,3255
5225,2021,southland,129,3146,3223
5226,2021,caa,129,3174,3423
5227,2021,caa,129,3180,3189
5228,2021,maac,129,3193,3264
5229,2021,a_sun,129,3195,3239
5230,2021,swac,129,3212,3105
5231,2021,big_south,129,3219,3205
5232,2021,caa,129,3220,3406
5233,2021,big_ten,129,3234,3353
5234,2021,caa,129,3241,3318
5235,2021,big_twelve,129,3243,3403
5236,2021,a_ten,129,3247,3182
5237,2021,patriot,129,3250,3137
5238,2021,a_sun,129,3251,3468
5239,2021,a_sun,129,3252,3391
5240,2021,big_ten,129,3268,3304
5241,2021,a_ten,129,3269,3386
5242,2021,big_ten,129,3277,3231
5243,2021,meac,129,3288,3300
5244,2021,cusa,129,3292,3256
5245,2021,southland,129,3311,3101
5246,2021,meac,129,3313,3164
5247,2021,a_sun,129,3316,3466
5248,2021,big_ten,129,3321,3276
5249,2021,cusa,129,3330,3150
5250,2021,cusa,129,3349,3198
5251,2021,a_ten,129,3350,3203
5252,2021,mvc,129,3356,3232
5253,2021,aac,129,3378,3416
5254,2021,swac,129,3380,3108
5255,2021,maac,129,3389,3233
5256,2021,big_twelve,129,3395,3242
5257,2021,cusa,129,3431,3194
5258,2021,a_ten,129,3433,3172
5259,2021,mvc,129,3434,3191
5260,2021,swac,130,3106,3380
5261,2021,big_twelve,130,3124,3395
5262,2021,mac,130,3132,3138
5263,2021,mvc,130,3133,3320
5264,2021,mac,130,3141,3325
5265,2021,southland,130,3146,3249
5266,2021,a_ten,130,3173,3247
5267,2021,caa,130,3174,3220
5268,2021,mvc,130,3179,3434
5269,2021,caa,130,3180,3241
5270,2021,a_sun,130,3195,3252
5271,2021,wac,130,3213,3430
5272,2021,meac,130,3224,3313
5273,2021,big_sky,130,3226,3225
5274,2021,big_ten,130,3234,3277
5275,2021,swac,130,3238,3212
5276,2021,a_sun,130,3251,3316
5277,2021,mvc,130,3260,3229
5278,2021,maac,130,3265,3193
5279,2021,big_ten,130,3268,3321
5280,2021,a_ten,130,3269,3200
5281,2021,mvc,130,3283,3356
5282,2021,cusa,130,3292,3431
5283,2021,meac,130,3299,3288
5284,2021,big_twelve,130,3329,3328
5285,2021,cusa,130,3349,3330
5286,2021,southland,130,3358,3311
5287,2021,a_ten,130,3387,3350
5288,2021,maac,130,3389,3351
5289,2021,aec,130,3392,3263
5290,2021,big_twelve,130,3400,3235
5291,2021,big_west,130,3413,3218
5292,2021,big_west,130,3414,3142
5293,2021,a_ten,130,3433,3348
5294,2021,big_twelve,130,3452,3243
5295,2021,wac,130,3465,3308
5296,2021,big_twelve,131,3124,3400
5297,2021,mvc,131,3133,3260
5298,2021,mac,131,3141,3132
5299,2021,caa,131,3180,3174
5300,2021,swac,131,3238,3106
5301,2021,maac,131,3265,3389
5302,2021,big_ten,131,3268,3234
5303,2021,a_ten,131,3269,3387
5304,2021,cusa,131,3292,3349
5305,2021,meac,131,3299,3224
5306,2021,southland,131,3358,3368
5307,2021,southland,131,3372,3146
5308,2021,big_west,131,3413,3414
5309,2021,a_ten,131,3433,3173
5310,2021,big_twelve,131,3452,3329
5311,2021,wac,131,3465,3213
5312,2021,big_twelve,132,3124,3452
5313,2021,mvc,132,3133,3179
5314,2021,a_sun,132,3195,3251
5315,2021,southland,132,3372,3358
5316,2022,big_south,120,3214,3347
5317,2022,big_south,120,3219,3149
5318,2022,horizon,120,3297,3178
5319,2022,horizon,120,3324,3460
5320,2022,big_south,120,3342,3457
5321,2022,horizon,120,3352,3236
5322,2022,big_south,120,3421,3299
5323,2022,horizon,120,3454,3227
5324,2022,sec,121,3104,3120
5325,2022,sun_belt,121,3114,3419
5326,2022,acc,121,3155,3393
5327,2022,sun_belt,121,3157,3117
5328,2022,pac_twelve,121,3160,3449
5329,2022,acc,121,3181,3338
5330,2022,a_sun,121,3184,3244
5331,2022,ovc,121,3188,3404
5332,2022,a_ten,121,3203,3382
5333,2022,sun_belt,121,3204,3209
5334,2022,a_ten,121,3206,3387
5335,2022,big_ten,121,3228,3458
5336,2022,a_sun,121,3239,3146
5337,2022,a_sun,121,3316,3252
5338,2022,pac_twelve,121,3333,3113
5339,2022,big_ten,121,3353,3336
5340,2022,a_sun,121,3391,3468
5341,2022,ovc,121,3398,3183
5342,2022,sun_belt,121,3402,3375
5343,2022,pac_twelve,121,3417,3425
5344,2022,pac_twelve,121,3428,3143
5345,2022,sec,121,3435,3401
5346,2022,acc,121,3448,3438
5347,2022,sec,122,3104,3208
5348,2022,sec,122,3116,3281
5349,2022,ovc,122,3122,3398
5350,2022,big_south,122,3144,3342
5351,2022,horizon,122,3156,3297
5352,2022,pac_twelve,122,3160,3112
5353,2022,a_ten,122,3172,3350
5354,2022,sec,122,3196,3435
5355,2022,acc,122,3199,3130
5356,2022,a_ten,122,3200,3206
5357,2022,southern,122,3202,3151
5358,2022,a_ten,122,3203,3247
5359,2022,big_south,122,3205,3219
5360,2022,acc,122,3210,3448
5361,2022,big_ten,122,3231,3353
5362,2022,horizon,122,3237,3352
5363,2022,sec,122,3246,3280
5364,2022,big_south,122,3255,3214
5365,2022,wcc,122,3258,3337
5366,2022,southern,122,3273,3441
5367,2022,acc,122,3274,3181
5368,2022,big_ten,122,3277,3345
5369,2022,ovc,122,3293,3188
5370,2022,big_ten,122,3304,3228
5371,2022,big_ten,122,3321,3278
5372,2022,horizon,122,3324,3464
5373,2022,pac_twelve,122,3332,3417
5374,2022,southern,122,3359,3422
5375,2022,wcc,122,3365,3334
5376,2022,a_ten,122,3386,3182
5377,2022,pac_twelve,122,3390,3333
5378,2022,big_south,122,3421,3367
5379,2022,pac_twelve,122,3428,3450
5380,2022,acc,122,3439,3155
5381,2022,horizon,122,3453,3454
5382,2022,southern,122,3459,3190
5383,2022,sun_belt,123,3114,3111
5384,2022,ovc,123,3125,3122
5385,2022,a_ten,123,3173,3172
5386,2022,southern,123,3202,3459
5387,2022,big_east,123,3207,3344
5388,2022,big_ten,123,3231,3268
5389,2022,big_ten,123,3234,3321
5390,2022,sec,123,3246,3261
5391,2022,wcc,123,3258,3388
5392,2022,a_ten,123,3269,3200
5393,2022,southern,123,3273,3359
5394,2022,acc,123,3274,3257
5395,2022,sec,123,3279,3196
5396,2022,acc,123,3301,3199
5397,2022,big_ten,123,3304,3276
5398,2022,acc,123,3323,3210
5399,2022,big_ten,123,3326,3277
5400,2022,wcc,123,3365,3360
5401,2022,big_east,123,3371,3139
5402,2022,sec,123,3376,3116
5403,2022,big_east,123,3385,3462
5404,2022,a_ten,123,3386,3348
5405,2022,pac_twelve,123,3390,3160
5406,2022,sec,123,3397,3104
5407,2022,ovc,123,3399,3293
5408,2022,sun_belt,123,3407,3157
5409,2022,sun_belt,123,3418,3402
5410,2022,sun_belt,123,3426,3204
5411,2022,pac_twelve,123,3428,3332
5412,2022,a_ten,123,3433,3203
5413,2022,acc,123,3439,3314
5414,2022,aec,124,3107,3306
5415,2022,ovc,124,3125,3399
5416,2022,big_south,124,3144,3205
5417,2022,big_east,124,3163,3207
5418,2022,a_ten,124,3173,3433
5419,2022,big_ten,124,3231,3326
5420,2022,big_ten,124,3234,3304
5421,2022,sec,124,3246,3397
5422,2022,patriot,124,3248,3259
5423,2022,big_south,124,3255,3421
5424,2022,aec,124,3263,3216
5425,2022,big_east,124,3266,3177
5426,2022,a_ten,124,3269,3386
5427,2022,acc,124,3274,3323
5428,2022,patriot,124,3298,3159
5429,2022,acc,124,3301,3439
5430,2022,aec,124,3312,3262
5431,2022,wcc,124,3339,3258
5432,2022,summit,124,3355,3176
5433,2022,nec,124,3357,3148
5434,2022,wcc,124,3362,3365
5435,2022,big_east,124,3371,3166
5436,2022,sec,124,3376,3279
5437,2022,summit,124,3377,3442
5438,2022,aec,124,3436,3127
5439,2022,big_east,124,3437,3385
5440,2022,mwc,125,3161,3363
5441,2022,big_east,125,3163,3266
5442,2022,a_sun,125,3195,3316
5443,2022,big_ten,125,3234,3231
5444,2022,a_sun,125,3240,3239
5445,2022,sec,125,3246,3376
5446,2022,a_sun,125,3251,3184
5447,2022,big_south,125,3255,3144
5448,2022,a_ten,125,3269,3173
5449,2022,southern,125,3273,3202
5450,2022,summit,125,3282,3295
5451,2022,acc,125,3301,3274
5452,2022,summit,125,3331,3315
5453,2022,mwc,125,3361,3129
5454,2022,pac_twelve,125,3390,3428
5455,2022,a_sun,125,3391,3466
5456,2022,sun_belt,125,3407,3114
5457,2022,sun_belt,125,3426,3418
5458,2022,mwc,125,3429,3201
5459,2022,big_east,125,3437,3371
5460,2022,mwc,126,3102,3305
5461,2022,patriot,126,3110,3248
5462,2022,patriot,126,3131,3119
5463,2022,nec,126,3136,3383
5464,2022,patriot,126,3137,3250
5465,2022,wcc,126,3140,3339
5466,2022,horizon,126,3156,3453
5467,2022,mwc,126,3161,3461
5468,2022,big_east,126,3163,3437
5469,2022,nec,126,3192,3357
5470,2022,wcc,126,3211,3362
5471,2022,aac,126,3222,3153
5472,2022,big_sky,126,3225,3340
5473,2022,horizon,126,3237,3324
5474,2022,aac,126,3272,3187
5475,2022,nec,126,3291,3384
5476,2022,big_sky,126,3294,3186
5477,2022,patriot,126,3298,3221
5478,2022,mwc,126,3307,3361
5479,2022,summit,126,3355,3331
5480,2022,summit,126,3377,3282
5481,2022,aac,126,3409,3455
5482,2022,mwc,126,3424,3429
5483,2022,sun_belt,126,3426,3407
5484,2022,nec,126,3447,3254
5485,2022,big_sky,126,3451,3170
5486,2022,aec,127,3107,3436
5487,2022,maac,127,3145,3284
5488,2022,mwc,127,3161,3307
5489,2022,big_west,127,3167,3169
5490,2022,big_west,127,3168,3142
5491,2022,cusa,127,3198,3194
5492,2022,wcc,127,3211,3140
5493,2022,aac,127,3222,3408
5494,2022,big_sky,127,3225,3381
5495,2022,maac,127,3233,3351
5496,2022,horizon,127,3237,3156
5497,2022,wac,127,3249,3308
5498,2022,aec,127,3263,3312
5499,2022,big_sky,127,3286,3451
5500,2022,big_sky,127,3294,3226
5501,2022,big_sky,127,3319,3285
5502,2022,aac,127,3374,3396
5503,2022,summit,127,3377,3355
5504,2022,aac,127,3378,3272
5505,2022,maac,127,3389,3265
5506,2022,wac,127,3410,3370
5507,2022,aac,127,3416,3409
5508,2022,mwc,127,3424,3102
5509,2022,cusa,127,3427,3431
5510,2022,mac,128,3103,3132
5511,2022,mac,128,3123,3296
5512,2022,mac,128,3138,3444
5513,2022,maac,128,3193,3233
5514,2022,a_sun,128,3195,3391
5515,2022,swac,128,3212,3105
5516,2022,big_west,128,3218,3167
5517,2022,meac,128,3224,3175
5518,2022,swac,128,3238,3115
5519,2022,a_sun,128,3240,3251
5520,2022,big_sky,128,3286,3225
5521,2022,meac,128,3313,3300
5522,2022,big_sky,128,3319,3294
5523,2022,cusa,128,3330,3427
5524,2022,maac,128,3346,3389
5525,2022,cusa,128,3349,3267
5526,2022,wac,128,3358,3249
5527,2022,aac,128,3378,3222
5528,2022,cusa,128,3379,3198
5529,2022,mac,128,3405,3325
5530,2022,wac,128,3410,3101
5531,2022,cusa,128,3412,3443
5532,2022,big_west,128,3413,3253
5533,2022,big_west,128,3414,3168
5534,2022,big_west,128,3415,3364
5535,2022,aac,128,3416,3374
5536,2022,mwc,128,3424,3161
5537,2022,swac,129,3106,3341
5538,2022,patriot,129,3110,3131
5539,2022,nec,129,3136,3192
5540,2022,patriot,129,3137,3298
5541,2022,cusa,129,3150,3349
5542,2022,mvc,129,3179,3133
5543,2022,caa,129,3220,3423
5544,2022,southland,129,3230,3311
5545,2022,mvc,129,3232,3191
5546,2022,cusa,129,3256,3412
5547,2022,maac,129,3264,3145
5548,2022,meac,129,3271,3164
5549,2022,meac,129,3288,3354
5550,2022,nec,129,3291,3447
5551,2022,cusa,129,3292,3379
5552,2022,southland,129,3309,3322
5553,2022,maac,129,3310,3373
5554,2022,cusa,129,3317,3330
5555,2022,big_twelve,129,3329,3403
5556,2022,swac,129,3380,3411
5557,2022,aac,129,3416,3378
5558,2022,wac,129,3430,3410
5559,2022,big_twelve,129,3452,3395
5560,2022,wac,129,3465,3358
5561,2022,swac,130,3106,3212
5562,2022,aec,130,3107,3263
5563,2022,mac,130,3123,3405
5564,2022,big_twelve,130,3124,3329
5565,2022,mac,130,3138,3103
5566,2022,cusa,130,3150,3317
5567,2022,caa,130,3158,3189
5568,2022,ivy,130,3162,3463
5569,2022,caa,130,3174,3456
5570,2022,caa,130,3180,3220
5571,2022,maac,130,3193,3310
5572,2022,wac,130,3213,3465
5573,2022,big_west,130,3218,3415
5574,2022,meac,130,3224,3271
5575,2022,mvc,130,3229,3260
5576,2022,southland,130,3230,3270
5577,2022,big_twelve,130,3235,3452
5578,2022,swac,130,3238,3380
5579,2022,cusa,130,3256,3292
5580,2022,maac,130,3264,3346
5581,2022,mvc,130,3283,3179
5582,2022,big_sky,130,3286,3319
5583,2022,meac,130,3313,3288
5584,2022,mvc,130,3320,3434
5585,2022,big_twelve,130,3328,3242
5586,2022,ivy,130,3343,3217
5587,2022,mvc,130,3356,3232
5588,2022,southland,130,3368,3309
5589,2022,wac,130,3372,3430
5590,2022,big_twelve,130,3400,3243
5591,2022,caa,130,3406,3318
5592,2022,big_west,130,3414,3413
5593,2022,big_twelve,131,3124,3328
5594,2022,mac,131,3138,3123
5595,2022,cusa,131,3150,3256
5596,2022,caa,131,3174,3406
5597,2022,caa,131,3180,3158
5598,2022,maac,131,3193,3264
5599,2022,a_sun,131,3195,3240
5600,2022,big_west,131,3218,3414
5601,2022,meac,131,3224,3313
5602,2022,mvc,131,3229,3356
5603,2022,southland,131,3230,3223
5604,2022,swac,131,3238,3106
5605,2022,mvc,131,3320,3283
5606,2022,southland,131,3368,3394
5607,2022,wac,131,3372,3213
5608,2022,big_twelve,131,3400,3235
5609,2022,patriot,132,3110,3137
5610,2022,caa,132,3174,3180
5611,2022,mvc,132,3229,3320
5612,2022,southland,132,3230,3368
5613,2022,nec,132,3291,3136
5614,2022,big_twelve,132,3400,3124
5615,2023,sun_belt,120,3117,3419
5616,2023,sun_belt,120,3209,3375
5617,2023,horizon,120,3236,3178
5618,2023,horizon,120,3454,3352
5619,2023,horizon,120,3460,3324
5620,2023,aec,121,3107,3262
5621,2023,sun_belt,121,3111,3418
5622,2023,sun_belt,121,3117,3204
5623,2023,acc,121,3130,3210
5624,2023,acc,121,3155,3338
5625,2023,a_ten,121,3172,3382
5626,2023,a_ten,121,3173,3433
5627,2023,a_ten,121,3182,3260
5628,2023,ovc,121,3188,3398
5629,2023,sec,121,3246,3196
5630,2023,aec,121,3263,3127
5631,2023,sun_belt,121,3267,3157
5632,2023,ovc,121,3287,3404
5633,2023,sun_belt,121,3330,3209
5634,2023,pac_twelve,121,3332,3449
5635,2023,pac_twelve,121,3333,3425
5636,2023,big_ten,121,3336,3278
5637,2023,big_ten,121,3353,3321
5638,2023,big_south,121,3367,3149
5639,2023,sec,121,3401,3435
5640,2023,pac_twelve,121,3417,3113
5641,2023,aec,121,3420,3312
5642,2023,big_south,121,3421,3457
5643,2023,aec,121,3436,3136
5644,2023,acc,121,3448,3438
5645,2023,pac_twelve,121,3450,3143
5646,2023,sec,122,3116,3281
5647,2023,big_south,122,3144,3255
5648,2023,southern,122,3151,3202
5649,2023,horizon,122,3156,3454
5650,2023,pac_twelve,122,3160,3333
5651,2023,southern,122,3190,3359
5652,2023,a_ten,122,3203,3182
5653,2023,big_south,122,3205,3421
5654,2023,a_ten,122,3206,3247
5655,2023,sec,122,3208,3120
5656,2023,big_south,122,3219,3367
5657,2023,big_ten,122,3228,3353
5658,2023,horizon,122,3236,3237
5659,2023,sec,122,3246,3104
5660,2023,acc,122,3274,3130
5661,2023,big_ten,122,3276,3336
5662,2023,big_ten,122,3277,3304
5663,2023,horizon,122,3297,3464
5664,2023,acc,122,3301,3393
5665,2023,acc,122,3314,3155
5666,2023,wcc,122,3337,3365
5667,2023,big_ten,122,3345,3458
5668,2023,big_south,122,3347,3342
5669,2023,a_ten,122,3350,3173
5670,2023,ovc,122,3369,3287
5671,2023,a_ten,122,3386,3172
5672,2023,wcc,122,3388,3258
5673,2023,pac_twelve,122,3390,3332
5674,2023,ovc,122,3399,3188
5675,2023,sec,122,3401,3280
5676,2023,pac_twelve,122,3417,3112
5677,2023,southern,122,3422,3273
5678,2023,acc,122,3448,3199
5679,2023,pac_twelve,122,3450,3428
5680,2023,horizon,122,3453,3460
5681,2023,southern,122,3459,3441
5682,2023,ovc,123,3114,3369
5683,2023,wcc,123,3140,3337
5684,2023,southern,123,3151,3190
5685,2023,big_east,123,3177,3344
5686,2023,acc,123,3181,3314
5687,2023,big_east,123,3207,3139
5688,2023,big_ten,123,3231,3277
5689,2023,big_ten,123,3234,3345
5690,2023,sun_belt,123,3241,3267
5691,2023,acc,123,3257,3448
5692,2023,sec,123,3261,3208
5693,2023,big_ten,123,3268,3228
5694,2023,a_ten,123,3269,3206
5695,2023,sec,123,3279,3401
5696,2023,summit,123,3282,3176
5697,2023,acc,123,3323,3301
5698,2023,big_ten,123,3326,3276
5699,2023,sun_belt,123,3330,3407
5700,2023,wcc,123,3334,3388
5701,2023,a_ten,123,3348,3203
5702,2023,a_ten,123,3350,3200
5703,2023,big_east,123,3371,3462
5704,2023,sec,123,3376,3116
5705,2023,sun_belt,123,3379,3117
5706,2023,a_ten,123,3387,3386
5707,2023,sec,123,3397,3246
5708,2023,ovc,123,3399,3183
5709,2023,sun_belt,123,3402,3111
5710,2023,pac_twelve,123,3417,3390
5711,2023,acc,123,3439,3274
5712,2023,pac_twelve,123,3450,3160
5713,2023,southern,123,3459,3422
5714,2023,summit,123,3472,3442
5715,2023,patriot,124,3110,3298
5716,2023,wcc,124,3140,3362
5717,2023,big_east,124,3163,3207
5718,2023,big_east,124,3166,3371
5719,2023,big_south,124,3205,3347
5720,2023,big_south,124,3219,3144
5721,2023,big_ten,124,3234,3268
5722,2023,a_sun,124,3244,3240
5723,2023,acc,124,3257,3323
5724,2023,patriot,124,3259,3248
5725,2023,big_east,124,3266,3385
5726,2023,a_ten,124,3269,3350
5727,2023,summit,124,3282,3295
5728,2023,big_sky,124,3294,3451
5729,2023,big_ten,124,3326,3231
5730,2023,wcc,124,3334,3360
5731,2023,big_sky,124,3340,3226
5732,2023,summit,124,3355,3472
5733,2023,sec,124,3376,3279
5734,2023,a_ten,124,3387,3348
5735,2023,a_sun,124,3391,3239
5736,2023,sec,124,3397,3261
5737,2023,ovc,124,3399,3114
5738,2023,big_east,124,3437,3177
5739,2023,acc,124,3439,3181
5740,2023,aec,125,3107,3263
5741,2023,a_sun,125,3122,3184
5742,2023,mwc,125,3129,3429
5743,2023,southern,125,3151,3459
5744,2023,big_east,125,3163,3266
5745,2023,a_sun,125,3195,3391
5746,2023,big_south,125,3205,3219
5747,2023,big_ten,125,3234,3326
5748,2023,sun_belt,125,3241,3330
5749,2023,a_sun,125,3251,3244
5750,2023,a_sun,125,3252,3466
5751,2023,summit,125,3303,3315
5752,2023,mwc,125,3305,3201
5753,2023,big_sky,125,3319,3294
5754,2023,summit,125,3331,3377
5755,2023,big_sky,125,3340,3286
5756,2023,mwc,125,3363,3102
5757,2023,sec,125,3376,3397
5758,2023,a_ten,125,3387,3269
5759,2023,sun_belt,125,3402,3379
5760,2023,aec,125,3436,3420
5761,2023,big_east,125,3437,3166
5762,2023,acc,125,3439,3257
5763,2023,pac_twelve,125,3450,3417
5764,2023,patriot,126,3119,3159
5765,2023,patriot,126,3131,3259
5766,2023,horizon,126,3156,3297
5767,2023,mwc,126,3161,3129
5768,2023,big_east,126,3163,3437
5769,2023,big_sky,126,3170,3225
5770,2023,big_sky,126,3186,3285
5771,2023,nec,126,3192,3148
5772,2023,wcc,126,3211,3140
5773,2023,patriot,126,3221,3110
5774,2023,sun_belt,126,3241,3402
5775,2023,patriot,126,3250,3137
5776,2023,southland,126,3270,3309
5777,2023,summit,126,3303,3282
5778,2023,wac,126,3308,3410
5779,2023,wcc,126,3339,3334
5780,2023,summit,126,3355,3331
5781,2023,nec,126,3357,3254
5782,2023,wac,126,3358,3101
5783,2023,mwc,126,3361,3307
5784,2023,wac,126,3370,3426
5785,2023,nec,126,3383,3447
5786,2023,aac,126,3408,3153
5787,2023,aac,126,3416,3409
5788,2023,mwc,126,3424,3305
5789,2023,horizon,126,3453,3236
5790,2023,aac,126,3455,3396
5791,2023,mwc,126,3461,3363
5792,2023,nec,126,3467,3384
5793,2023,wac,126,3469,3430
5794,2023,southland,126,3477,3322
5795,2023,horizon,127,3156,3453
5796,2023,big_west,127,3167,3169
5797,2023,big_sky,127,3170,3340
5798,2023,aac,127,3187,3408
5799,2023,aac,127,3222,3374
5800,2023,southland,127,3249,3270
5801,2023,maac,127,3264,3389
5802,2023,aac,127,3272,3416
5803,2023,maac,127,3291,3145
5804,2023,big_sky,127,3319,3186
5805,2023,wcc,127,3339,3211
5806,2023,maac,127,3351,3265
5807,2023,summit,127,3355,3303
5808,2023,big_west,127,3415,3142
5809,2023,mwc,127,3424,3361
5810,2023,aac,127,3455,3378
5811,2023,mwc,127,3461,3161
5812,2023,southland,127,3477,3230
5813,2023,swac,128,3115,3105
5814,2023,mac,128,3123,3103
5815,2023,mac,128,3132,3185
5816,2023,cusa,128,3150,3198
5817,2023,big_west,128,3167,3414
5818,2023,big_sky,128,3170,3319
5819,2023,aac,128,3187,3272
5820,2023,a_sun,128,3195,3122
5821,2023,wac,128,3213,3370
5822,2023,big_west,128,3218,3168
5823,2023,caa,128,3220,3423
5824,2023,aac,128,3222,3455
5825,2023,maac,128,3233,3291
5826,2023,swac,128,3238,3212
5827,2023,mac,128,3245,3296
5828,2023,southland,128,3249,3394
5829,2023,a_sun,128,3251,3252
5830,2023,big_west,128,3253,3415
5831,2023,meac,128,3271,3288
5832,2023,maac,128,3310,3351
5833,2023,meac,128,3313,3354
5834,2023,big_west,128,3364,3413
5835,2023,southland,128,3368,3477
5836,2023,wac,128,3372,3358
5837,2023,wac,128,3381,3308
5838,2023,mac,128,3405,3138
5839,2023,cusa,128,3412,3317
5840,2023,mwc,128,3424,3461
5841,2023,cusa,128,3427,3194
5842,2023,wac,128,3465,3469
5843,2023,swac,129,3106,3126
5844,2023,patriot,129,3131,3119
5845,2023,aac,129,3187,3222
5846,2023,nec,129,3192,3383
5847,2023,caa,129,3214,3174
5848,2023,caa,129,3220,3299
5849,2023,patriot,129,3221,3250
5850,2023,meac,129,3224,3175
5851,2023,mvc,129,3227,3434
5852,2023,big_twelve,129,3243,3403
5853,2023,maac,129,3264,3346
5854,2023,mvc,129,3283,3133
5855,2023,caa,129,3284,3158
5856,2023,cusa,129,3292,3150
5857,2023,mvc,129,3293,3191
5858,2023,meac,129,3300,3164
5859,2023,mvc,129,3356,3232
5860,2023,nec,129,3357,3467
5861,2023,southland,129,3368,3249
5862,2023,maac,129,3373,3193
5863,2023,swac,129,3380,3341
5864,2023,caa,129,3392,3189
5865,2023,big_twelve,129,3395,3242
5866,2023,cusa,129,3427,3349
5867,2023,cusa,129,3431,3256
5868,2023,cusa,129,3443,3412
5869,2023,swac,130,3115,3106
5870,2023,mvc,130,3125,3356
5871,2023,mac,130,3132,3123
5872,2023,mvc,130,3179,3283
5873,2023,ivy,130,3217,3162
5874,2023,big_west,130,3218,3253
5875,2023,meac,130,3224,3271
5876,2023,mvc,130,3229,3293
5877,2023,maac,130,3233,3373
5878,2023,big_twelve,130,3235,3124
5879,2023,maac,130,3264,3310
5880,2023,caa,130,3284,3180
5881,2023,cusa,130,3292,3431
5882,2023,meac,130,3313,3300
5883,2023,caa,130,3318,3392
5884,2023,mvc,130,3320,3227
5885,2023,big_twelve,130,3328,3395
5886,2023,big_twelve,130,3329,3452
5887,2023,ivy,130,3343,3335
5888,2023,big_west,130,3364,3167
5889,2023,swac,130,3380,3238
5890,2023,wac,130,3381,3213
5891,2023,big_twelve,130,3400,3243
5892,2023,mac,130,3405,3245
5893,2023,caa,130,3406,3214
5894,2023,aec,130,3436,3107
5895,2023,cusa,130,3443,3427
5896,2023,caa,130,3456,3220
5897,2023,wac,130,3465,3372
5898,2023,mvc,131,3125,3320
5899,2023,mvc,131,3179,3229
5900,2023,a_sun,131,3195,3251
5901,2023,big_west,131,3218,3364
5902,2023,maac,131,3233,3264
5903,2023,big_twelve,131,3235,3328
5904,2023,caa,131,3284,3318
5905,2023,cusa,131,3292,3443
5906,2023,meac,131,3313,3224
5907,2023,ivy,131,3343,3217
5908,2023,swac,131,3380,3115
5909,2023,wac,131,3381,3465
5910,2023,big_twelve,131,3400,3329
5911,2023,mac,131,3405,3132
5912,2023,caa,131,3406,3456
5913,2023,mvc,132,3179,3125
5914,2023,patriot,132,3221,3131
5915,2023,big_twelve,132,3235,3400
5916,2023,caa,132,3284,3406
5917,2023,nec,132,3357,3192
5918,2024,sun_belt,121,3111,3209
5919,2024,pac_twelve,121,3112,3449
5920,2024,pac_twelve,121,3143,3450
5921,2024,pac_twelve,121,3160,3332
5922,2024,sun_belt,121,3379,3157
5923,2024,sun_belt,121,3418,3117
5924,2024,sun_belt,121,3419,3204
5925,2024,big_south,121,3421,3205
5926,2024,pac_twelve,121,3428,3113
5927,2024,sec,122,3120,3116
5928,2024,southern,122,3151,3441
5929,2024,big_twelve,122,3153,3416
5930,2024,acc,122,3181,3210
5931,2024,a_ten,122,3182,3269
5932,2024,ovc,122,3183,3398
5933,2024,sec,122,3196,3435
5934,2024,acc,122,3199,3448
5935,2024,big_south,122,3219,3421
5936,2024,acc,122,3257,3130
5937,2024,a_ten,122,3260,3200
5938,2024,big_ten,122,3268,3228
5939,2024,southern,122,3273,3190
5940,2024,acc,122,3274,3314
5941,2024,big_ten,122,3276,3278
5942,2024,big_ten,122,3304,3345
5943,2024,pac_twelve,122,3333,3160
5944,2024,big_ten,122,3336,3458
5945,2024,big_south,122,3342,3149
5946,2024,big_south,122,3347,3457
5947,2024,a_ten,122,3348,3173
5948,2024,big_south,122,3367,3255
5949,2024,a_ten,122,3387,3203
5950,2024,pac_twelve,122,3390,3143
5951,2024,sec,122,3397,3246
5952,2024,sec,122,3401,3280
5953,2024,big_twelve,122,3403,3222
5954,2024,ovc,122,3404,3399
5955,2024,pac_twelve,122,3417,3428
5956,2024,southern,122,3422,3202
5957,2024,pac_twelve,122,3425,3112
5958,2024,southern,122,3459,3359
5959,2024,aec,123,3107,3312
5960,2024,a_sun,123,3122,3244
5961,2024,big_twelve,123,3124,3403
5962,2024,aec,123,3127,3136
5963,2024,southern,123,3151,3273
5964,2024,a_ten,123,3182,3206
5965,2024,acc,123,3199,3393
5966,2024,big_east,123,3207,3462
5967,2024,big_ten,123,3234,3336
5968,2024,a_sun,123,3239,3468
5969,2024,sun_belt,123,3241,3379
5970,2024,big_twelve,123,3242,3140
5971,2024,wcc,123,3258,3388
5972,2024,sec,123,3261,3120
5973,2024,aec,123,3263,3262
5974,2024,sun_belt,123,3267,3111
5975,2024,big_ten,123,3268,3326
5976,2024,big_ten,123,3276,3231
5977,2024,sec,123,3279,3196
5978,2024,acc,123,3301,3181
5979,2024,summit,123,3303,3282
5980,2024,big_ten,123,3304,3277
5981,2024,acc,123,3323,3257
5982,2024,sun_belt,123,3330,3419
5983,2024,wcc,123,3334,3360
5984,2024,big_east,123,3344,3139
5985,2024,a_ten,123,3348,3386
5986,2024,a_ten,123,3350,3260
5987,2024,big_east,123,3371,3177
5988,2024,sec,123,3376,3401
5989,2024,a_ten,123,3387,3433
5990,2024,pac_twelve,123,3390,3333
5991,2024,big_twelve,123,3395,3329
5992,2024,sec,123,3397,3104
5993,2024,ovc,123,3404,3114
5994,2024,sun_belt,123,3418,3407
5995,2024,southern,123,3422,3459
5996,2024,pac_twelve,123,3425,3417
5997,2024,aec,123,3436,3420
5998,2024,acc,123,3439,3274
5999,2024,big_twelve,123,3452,3153
6000,2024,ovc,123,3475,3183
6001,2024,a_sun,124,3122,3391
6002,2024,patriot,124,3137,3110
6003,2024,a_sun,124,3146,3466
6004,2024,big_east,124,3163,3344
6005,2024,big_east,124,3166,3371
6006,2024,big_sky,124,3170,3226
6007,2024,a_sun,124,3184,3252
6008,2024,a_sun,124,3195,3239
6009,2024,big_east,124,3207,3385
6010,2024,big_ten,124,3234,3276
6011,2024,big_twelve,124,3235,3124
6012,2024,big_twelve,124,3243,3452
6013,2024,sec,124,3261,3279
6014,2024,big_east,124,3266,3437
6015,2024,summit,124,3295,3176
6016,2024,patriot,124,3298,3248
6017,2024,acc,124,3301,3199
6018,2024,big_ten,124,3304,3268
6019,2024,acc,124,3323,3439
6020,2024,big_twelve,124,3328,3395
6021,2024,wcc,124,3334,3362
6022,2024,wcc,124,3339,3258
6023,2024,big_south,124,3342,3219
6024,2024,big_south,124,3347,3367
6025,2024,a_ten,124,3348,3387
6026,2024,a_ten,124,3350,3182
6027,2024,summit,124,3355,3303
6028,2024,sec,124,3376,3397
6029,2024,big_twelve,124,3400,3242
6030,2024,aac,124,3408,3374
6031,2024,big_sky,124,3451,3340
6032,2024,aac,124,3455,3194
6033,2024,ovc,124,3475,3404
6034,2024,mwc,125,3129,3429
6035,2024,southern,125,3151,3422
6036,2024,big_east,125,3163,3266
6037,2024,big_sky,125,3186,3451
6038,2024,aac,125,3187,3272
6039,2024,mwc,125,3201,3102
6040,2024,big_east,125,3207,3166
6041,2024,big_ten,125,3234,3304
6042,2024,sun_belt,125,3241,3418
6043,2024,sun_belt,125,3267,3330
6044,2024,big_sky,125,3319,3170
6045,2024,acc,125,3323,3301
6046,2024,summit,125,3331,3315
6047,2024,big_south,125,3342,3347
6048,2024,aac,125,3349,3412
6049,2024,a_ten,125,3350,3348
6050,2024,mwc,125,3361,3363
6051,2024,sec,125,3376,3261
6052,2024,summit,125,3377,3472
6053,2024,aac,125,3378,3455
6054,2024,aac,125,3408,3150
6055,2024,pac_twelve,125,3425,3390
6056,2024,mwc,126,3129,3461
6057,2024,patriot,126,3131,3119
6058,2024,horizon,126,3156,3460
6059,2024,patriot,126,3159,3298
6060,2024,mwc,126,3161,3305
6061,2024,big_east,126,3163,3207
6062,2024,aac,126,3187,3409
6063,2024,nec,126,3192,3254
6064,2024,wcc,126,3211,3334
6065,2024,patriot,126,3221,3137
6066,2024,big_twelve,126,3235,3328
6067,2024,patriot,126,3259,3250
6068,2024,aec,126,3263,3127
6069,2024,sun_belt,126,3267,3241
6070,2024,big_sky,126,3285,3225
6071,2024,big_sky,126,3286,3294
6072,2024,summit,126,3295,3331
6073,2024,southland,126,3311,3309
6074,2024,wcc,126,3339,3365
6075,2024,aac,126,3349,3317
6076,2024,summit,126,3355,3377
6077,2024,nec,126,3357,3384
6078,2024,mwc,126,3361,3307
6079,2024,aac,126,3396,3408
6080,2024,big_twelve,126,3400,3243
6081,2024,mwc,126,3424,3201
6082,2024,aac,126,3427,3378
6083,2024,aec,126,3436,3107
6084,2024,horizon,126,3453,3236
6085,2024,nec,126,3467,3148
6086,2024,southland,126,3477,3322
6087,2024,nec,126,3478,3476
6088,2024,a_sun,127,3146,3184
6089,2024,big_sky,127,3186,3286
6090,2024,aac,127,3187,3427
6091,2024,a_sun,127,3195,3122
6092,2024,maac,127,3291,3265
6093,2024,big_sky,127,3319,3285
6094,2024,wcc,127,3339,3211
6095,2024,maac,127,3346,3389
6096,2024,aac,127,3349,3396
6097,2024,maac,127,3351,3233
6098,2024,summit,127,3355,3295
6099,2024,mwc,127,3361,3129
6100,2024,southland,127,3368,3311
6101,2024,big_twelve,127,3400,3235
6102,2024,mwc,127,3424,3161
6103,2024,cusa,127,3431,3358
6104,2024,horizon,127,3453,3156
6105,2024,southland,127,3477,3230
6106,2024,mac,128,3123,3325
6107,2024,mac,128,3138,3132
6108,2024,big_sky,128,3186,3319
6109,2024,maac,128,3193,3351
6110,2024,swac,128,3212,3197
6111,2024,caa,128,3220,3214
6112,2024,meac,128,3224,3288
6113,2024,swac,128,3238,3341
6114,2024,mac,128,3245,3296
6115,2024,southland,128,3249,3477
6116,2024,cusa,128,3251,3443
6117,2024,big_west,128,3253,3364
6118,2024,cusa,128,3292,3431
6119,2024,maac,128,3310,3346
6120,2024,meac,128,3313,3354
6121,2024,caa,128,3318,3423
6122,2024,aac,128,3349,3187
6123,2024,southland,128,3394,3368
6124,2024,mac,128,3405,3444
6125,2024,big_west,128,3413,3168
6126,2024,mwc,128,3424,3361
6127,2024,wac,128,3426,3381
6128,2024,wac,128,3470,3101
6129,2024,swac,129,3108,3380
6130,2024,swac,129,3115,3105
6131,2024,patriot,129,3131,3159
6132,2024,caa,129,3144,3189
6133,2024,maac,129,3145,3264
6134,2024,meac,129,3164,3271
6135,2024,caa,129,3180,3174
6136,2024,caa,129,3220,3456
6137,2024,patriot,129,3221,3259
6138,2024,mvc,129,3227,3434
6139,2024,mvc,129,3229,3191
6140,2024,mvc,129,3232,3356
6141,2024,big_west,129,3253,3415
6142,2024,cusa,129,3256,3240
6143,2024,mvc,129,3293,3133
6144,2024,meac,129,3300,3175
6145,2024,cusa,129,3308,3198
6146,2024,nec,129,3357,3467
6147,2024,wac,129,3372,3470
6148,2024,maac,129,3373,3291
6149,2024,southland,129,3394,3249
6150,2024,caa,129,3406,3318
6151,2024,big_west,129,3413,3142
6152,2024,wac,129,3426,3469
6153,2024,nec,129,3478,3192
6154,2024,swac,130,3108,3212
6155,2024,mvc,130,3125,3227
6156,2024,mac,130,3138,3405
6157,2024,ivy,130,3162,3217
6158,2024,mvc,130,3179,3232
6159,2024,caa,130,3180,3284
6160,2024,maac,130,3193,3145
6161,2024,meac,130,3224,3300
6162,2024,swac,130,3238,3115
6163,2024,mac,130,3245,3123
6164,2024,cusa,130,3251,3308
6165,2024,aec,130,3263,3436
6166,2024,mvc,130,3283,3293
6167,2024,cusa,130,3292,3256
6168,2024,caa,130,3299,3220
6169,2024,maac,130,3310,3373
6170,2024,meac,130,3313,3164
6171,2024,mvc,130,3320,3229
6172,2024,ivy,130,3343,3335
6173,2024,wac,130,3372,3213
6174,2024,caa,130,3392,3144
6175,2024,caa,130,3406,3158
6176,2024,big_west,130,3413,3218
6177,2024,big_west,130,3414,3253
6178,2024,wac,130,3465,3426
6179,2024,mvc,131,3179,3320
6180,2024,caa,131,3180,3406
6181,2024,maac,131,3193,3310
6182,2024,a_sun,131,3195,3146
6183,2024,swac,131,3238,3108
6184,2024,mac,131,3245,3138
6185,2024,mvc,131,3283,3125
6186,2024,cusa,131,3292,3251
6187,2024,meac,131,3313,3224
6188,2024,ivy,131,3343,3162
6189,2024,caa,131,3392,3299
6190,2024,big_west,131,3414,3413
6191,2024,wac,131,3465,3372
6192,2024,mvc,132,3179,3283
6193,2024,caa,132,3180,3392
6194,2024,patriot,132,3221,3131
6195,2024,nec,132,3357,3478
6196,2025,horizon,120,3178,3454
6197,2025,sun_belt,120,3204,3379
6198,2025,sun_belt,120,3267,3375
6199,2025,horizon,120,3324,3237
6200,2025,horizon,120,3460,3464
6201,2025,big_twelve,121,3113,3153
6202,2025,acc,121,3130,3393
6203,2025,acc,121,3155,3390
6204,2025,big_twelve,121,3160,3222
6205,2025,sec,121,3196,3120
6206,2025,sun_belt,121,3204,3419
6207,2025,sec,121,3208,3116
6208,2025,big_ten,121,3234,3458
6209,2025,sun_belt,121,3267,3402
6210,2025,sec,121,3280,3281
6211,2025,summit,121,3303,3176
6212,2025,big_ten,121,3304,3353
6213,2025,sec,121,3397,3401
6214,2025,big_twelve,121,3403,3242
6215,2025,big_twelve,121,3416,3140
6216,2025,big_south,121,3421,3342
6217,2025,acc,121,3438,3338
6218,2025,ovc,121,3442,3404
6219,2025,big_ten,121,3449,3278
6220,2025,ovc,121,3475,3398
6221,2025,aec,122,3107,3306
6222,2025,aec,122,3136,3127
6223,2025,acc,122,3143,3438
6224,2025,southern,122,3151,3273
6225,2025,horizon,122,3156,3178
6226,2025,big_twelve,122,3160,3112
6227,2025,sec,122,3196,3104
6228,2025,southern,122,3202,3190
6229,2025,sun_belt,122,3209,3204
6230,2025,acc,122,3210,3439
6231,2025,big_south,122,3219,3421
6232,2025,big_ten,122,3231,3332
6233,2025,big_ten,122,3234,3277
6234,2025,big_twelve,122,3235,3113
6235,2025,horizon,122,3236,3460
6236,2025,big_twelve,122,3243,3416
6237,2025,big_south,122,3255,3367
6238,2025,acc,122,3257,3155
6239,2025,aec,122,3263,3312
6240,2025,sun_belt,122,3267,3418
6241,2025,big_ten,122,3276,3449
6242,2025,sec,122,3279,3280
6243,2025,big_ten,122,3304,3228
6244,2025,acc,122,3314,3130
6245,2025,sec,122,3328,3208
6246,2025,summit,122,3331,3377
6247,2025,big_south,122,3347,3205
6248,2025,horizon,122,3352,3297
6249,2025,summit,122,3355,3303
6250,2025,wcc,122,3360,3337
6251,2025,big_twelve,122,3403,3428
6252,2025,southern,122,3422,3441
6253,2025,sec,122,3435,3397
6254,2025,aec,122,3436,3420
6255,2025,ovc,122,3442,3183
6256,2025,horizon,122,3453,3324
6257,2025,big_south,122,3457,3149
6258,2025,southern,122,3459,3359
6259,2025,ovc,122,3475,3114
6260,2025,a_sun,123,3122,3480
6261,2025,big_twelve,123,3124,3235
6262,2025,southern,123,3151,3202
6263,2025,a_ten,123,3172,3173
6264,2025,acc,123,3181,3257
6265,2025,a_ten,123,3206,3387
6266,2025,big_east,123,3207,3344
6267,2025,sun_belt,123,3209,3330
6268,2025,wcc,123,3258,3365
6269,2025,sec,123,3261,3196
6270,2025,sun_belt,123,3267,3111
6271,2025,big_ten,123,3276,3268
6272,2025,summit,123,3282,3295
6273,2025,acc,123,3301,3210
6274,2025,acc,123,3314,3199
6275,2025,summit,123,3315,3472
6276,2025,acc,123,3323,3143
6277,2025,big_ten,123,3326,3234
6278,2025,sec,123,3328,3246
6279,2025,big_twelve,123,3329,3403
6280,2025,wcc,123,3334,3360
6281,2025,a_ten,123,3350,3182
6282,2025,sec,123,3376,3435
6283,2025,big_east,123,3385,3139
6284,2025,a_ten,123,3386,3348
6285,2025,big_twelve,123,3395,3160
6286,2025,ovc,123,3399,3475
6287,2025,sec,123,3400,3279
6288,2025,big_ten,123,3417,3304
6289,2025,southern,123,3422,3459
6290,2025,big_ten,123,3425,3231
6291,2025,big_twelve,123,3452,3243
6292,2025,big_east,123,3462,3177
6293,2025,a_sun,123,3468,3239
6294,2025,ovc,123,3473,3442
6295,2025,big_twelve,124,3124,3329
6296,2025,patriot,124,3131,3259
6297,2025,a_sun,124,3146,3468
6298,2025,sun_belt,124,3157,3209
6299,2025,big_east,124,3163,3385
6300,2025,big_east,124,3166,3207
6301,2025,big_sky,124,3170,3186
6302,2025,acc,124,3181,3323
6303,2025,a_sun,124,3184,3391
6304,2025,a_sun,124,3195,3122
6305,2025,a_ten,124,3206,3172
6306,2025,big_south,124,3219,3457
6307,2025,patriot,124,3248,3110
6308,2025,a_sun,124,3252,3466
6309,2025,big_south,124,3255,3347
6310,2025,big_sky,124,3294,3340
6311,2025,acc,124,3301,3314
6312,2025,summit,124,3331,3282
6313,2025,wcc,124,3334,3388
6314,2025,summit,124,3355,3315
6315,2025,wcc,124,3362,3258
6316,2025,big_east,124,3371,3462
6317,2025,sec,124,3376,3328
6318,2025,a_ten,124,3386,3350
6319,2025,big_twelve,124,3395,3452
6320,2025,ovc,124,3399,3473
6321,2025,sec,124,3400,3261
6322,2025,sun_belt,124,3407,3267
6323,2025,big_ten,124,3417,3326
6324,2025,big_ten,124,3425,3276
6325,2025,big_east,124,3437,3266
6326,2025,mwc,125,3102,3429
6327,2025,sun_belt,125,3117,3407
6328,2025,mwc,125,3129,3305
6329,2025,big_east,125,3163,3437
6330,2025,big_east,125,3166,3371
6331,2025,acc,125,3181,3301
6332,2025,mwc,125,3201,3363
6333,2025,a_ten,125,3206,3386
6334,2025,big_south,125,3219,3255
6335,2025,sun_belt,125,3241,3157
6336,2025,big_sky,125,3286,3294
6337,2025,big_sky,125,3319,3170
6338,2025,wcc,125,3333,3362
6339,2025,summit,125,3355,3331
6340,2025,sec,125,3376,3400
6341,2025,big_twelve,125,3395,3124
6342,2025,big_ten,125,3417,3425
6343,2025,southern,125,3422,3151
6344,2025,wcc,125,3450,3334
6345,2025,aec,126,3107,3263
6346,2025,sun_belt,126,3117,3241
6347,2025,patriot,126,3119,3248
6348,2025,patriot,126,3137,3159
6349,2025,nec,126,3152,3148
6350,2025,big_east,126,3163,3166
6351,2025,nec,126,3192,3254
6352,2025,mwc,126,3201,3161
6353,2025,patriot,126,3221,3298
6354,2025,big_sky,126,3226,3451
6355,2025,horizon,126,3236,3156
6356,2025,patriot,126,3250,3131
6357,2025,big_sky,126,3285,3225
6358,2025,southland,126,3311,3410
6359,2025,aac,126,3317,3187
6360,2025,southland,126,3322,3394
6361,2025,wcc,126,3333,3211
6362,2025,wcc,126,3339,3450
6363,2025,aac,126,3349,3427
6364,2025,mwc,126,3361,3307
6365,2025,aac,126,3378,3408
6366,2025,aac,126,3396,3150
6367,2025,mwc,126,3424,3129
6368,2025,aec,126,3436,3136
6369,2025,horizon,126,3453,3352
6370,2025,mwc,126,3461,3102
6371,2025,nec,126,3476,3447
6372,2025,nec,126,3478,3384
6373,2025,a_sun,127,3146,3252
6374,2025,a_sun,127,3195,3184
6375,2025,southland,127,3230,3322
6376,2025,maac,127,3233,3389
6377,2025,cusa,127,3244,3431
6378,2025,maac,127,3264,3145
6379,2025,big_sky,127,3285,3319
6380,2025,big_sky,127,3286,3226
6381,2025,swac,127,3290,3197
6382,2025,wcc,127,3333,3339
6383,2025,swac,127,3341,3126
6384,2025,aac,127,3349,3396
6385,2025,cusa,127,3358,3240
6386,2025,mwc,127,3361,3424
6387,2025,southland,127,3372,3311
6388,2025,aac,127,3378,3317
6389,2025,horizon,127,3453,3236
6390,2025,mwc,127,3461,3201
6391,2025,wac,127,3469,3370
6392,2025,mac,128,3123,3444
6393,2025,mac,128,3138,3132
6394,2025,big_west,128,3142,3364
6395,2025,maac,128,3193,3264
6396,2025,wac,128,3213,3469
6397,2025,caa,128,3214,3392
6398,2025,meac,128,3224,3175
6399,2025,mac,128,3245,3275
6400,2025,cusa,128,3251,3358
6401,2025,big_sky,128,3286,3285
6402,2025,cusa,128,3292,3244
6403,2025,meac,128,3313,3354
6404,2025,maac,128,3346,3233
6405,2025,mwc,128,3361,3461
6406,2025,southland,128,3368,3230
6407,2025,southland,128,3372,3249
6408,2025,aac,128,3378,3349
6409,2025,swac,128,3380,3290
6410,2025,mac,128,3405,3141
6411,2025,caa,128,3406,3318
6412,2025,swac,128,3411,3341
6413,2025,big_west,128,3415,3253
6414,2025,wac,128,3470,3381
6415,2025,swac,129,3108,3105
6416,2025,patriot,129,3119,3137
6417,2025,mvc,129,3133,3434
6418,2025,meac,129,3164,3300
6419,2025,caa,129,3174,3423
6420,2025,nec,129,3192,3152
6421,2025,mvc,129,3227,3191
6422,2025,mvc,129,3229,3356
6423,2025,swac,129,3238,3212
6424,2025,patriot,129,3250,3221
6425,2025,cusa,129,3256,3308
6426,2025,meac,129,3271,3288
6427,2025,caa,129,3284,3214
6428,2025,maac,129,3291,3265
6429,2025,mvc,129,3320,3232
6430,2025,southland,129,3372,3368
6431,2025,caa,129,3406,3189
6432,2025,big_west,129,3413,3415
6433,2025,wac,129,3426,3465
6434,2025,wac,129,3430,3101
6435,2025,cusa,129,3443,3198
6436,2025,caa,129,3456,3220
6437,2025,maac,129,3467,3373
6438,2025,big_west,129,3471,3142
6439,2025,nec,129,3476,3478
6440,2025,swac,130,3108,3411
6441,2025,mac,130,3123,3245
6442,2025,mvc,130,3125,3320
6443,2025,caa,130,3144,3406
6444,2025,caa,130,3158,3174
6445,2025,ivy,130,3162,3335
6446,2025,mvc,130,3179,3229
6447,2025,caa,130,3180,3284
6448,2025,maac,130,3193,3291
6449,2025,wac,130,3213,3430
6450,2025,ivy,130,3217,3343
6451,2025,meac,130,3224,3271
6452,2025,cusa,130,3251,3256
6453,2025,mvc,130,3283,3227
6454,2025,cusa,130,3292,3443
6455,2025,mvc,130,3293,3133
6456,2025,meac,130,3313,3164
6457,2025,maac,130,3346,3467
6458,2025,swac,130,3380,3238
6459,2025,mac,130,3405,3138
6460,2025,big_west,130,3413,3414
6461,2025,wac,130,3426,3470
6462,2025,aec,130,3436,3107
6463,2025,caa,130,3456,3299
6464,2025,big_west,130,3471,3218
6465,2025,mac,131,3123,3405
6466,2025,mvc,131,3125,3283
6467,2025,caa,131,3144,3158
6468,2025,maac,131,3193,3346
6469,2025,a_sun,131,3195,3146
6470,2025,wac,131,3213,3426
6471,2025,ivy,131,3217,3162
6472,2025,cusa,131,3251,3292
6473,2025,mvc,131,3293,3179
6474,2025,meac,131,3313,3224
6475,2025,swac,131,3380,3108
6476,2025,caa,131,3456,3180
6477,2025,big_west,131,3471,3413
6478,2025,nec,132,3192,3476
6479,2025,patriot,132,3250,3119
6480,2025,mvc,132,3293,3125
6481,2025,caa,132,3456,3144
